{"center_matches":[[],[],[],[]],"alpha2":2,"delta":0.1,"centers":[0.866823339923933,0.666823923061999,0.46684599362141543,0.742790350341038],"beta2":4,"fecundity":4,"beta1":2,"alpha1":4,"mean_maximizer_matches":[[0.7410581299314839,"best"],[0.741058129929932,"mean-maximizer"]],"extinction_probability":0.11681655721246133,"partition":[[1,2,3],[4]],"p1":1.0}