{"center_matches":[[],[],[],[]],"alpha2":2,"mean_maximizer_complement_matches":[[0.32309287135500553,"mean-maximizer-complement"]],"delta":0.1,"centers":[0.44453002640703576,0.6603424413285326,0.4839039304013978,0.660878344310654],"beta2":4,"fecundity":4,"beta1":2,"alpha1":4,"mean_maximizer_matches":[[0.6769071286449945,"mean-maximizer"]],"extinction_probability":0.9143374412199391,"partition":[[1,2],[3,4]],"p1":0.6}