{"center_matches":[[],[[0.673072453628208,"best"],[0.6730724536288291,"mean-maximizer"]],[],[]],"alpha2":10,"delta":0.1,"centers":[0.548164511358735,0.6730724536288291,0.8650894089437203,0.3481645967647702],"beta2":20,"fecundity":4,"beta1":10,"alpha1":20,"mean_maximizer_matches":[[0.673072453628208,"best"],[0.6730724536288291,"mean-maximizer"]],"extinction_probability":2.5985649122694473e-6,"partition":[[1,2,3,4]],"p1":1.0}