{"centers":[0.6565533046597275,0.6565527015819059,0.6565533033153361,0.6565543235921742],"extinction_probability":0.8291997675063268,"beta2":4.0,"partition":[[1],[2],[3],[4]],"fecundity":4,"alpha2":2.0,"alpha1":4.0,"p1":0.6,"delta":0.1,"beta1":2.0}