{"center_matches":[[],[[0.7743542195106665,"best"],[0.77435421951228,"mean-maximizer"]],[],[]],"alpha2":7,"delta":0.1,"centers":[0.3784461666494394,0.77435421951228,0.9,0.5751094705983483],"beta2":23,"fecundity":4,"beta1":7,"alpha1":23,"mean_maximizer_matches":[[0.7743542195106665,"best"],[0.77435421951228,"mean-maximizer"]],"extinction_probability":4.246951964490289e-8,"partition":[[1,2,3,4]],"p1":1.0}