{"center_matches":[[],[],[],[]],"alpha2":10,"mean_maximizer_complement_matches":[[0.3270298922194189,"mean-maximizer-complement"]],"delta":0.1,"centers":[0.3076580516143797,0.5082001725547918,0.6388342542918795,0.7784034606712886],"beta2":20,"fecundity":4,"beta1":10,"alpha1":20,"mean_maximizer_matches":[[0.6729701077805811,"mean-maximizer"]],"extinction_probability":0.0069486384015492566,"partition":[[1,2,3,4]],"p1":0.95}