{"center_matches":[[],[],[],[]],"alpha2":2,"mean_maximizer_complement_matches":[[0.27944558907413286,"mean-maximizer-complement"]],"delta":0.1,"centers":[0.723682926869452,0.5234618653272861,0.6512623666053511,0.6279453264465882],"beta2":4,"fecundity":4,"beta1":2,"alpha1":4,"mean_maximizer_matches":[[0.7205544109258671,"mean-maximizer"]],"extinction_probability":0.6194556561014329,"partition":[[1,2],[3],[4]],"p1":0.775}