{"centers":[0.7993101707112612,0.5952451631876264,0.7941652308097692,0.5968205541339444],"extinction_probability":0.3102543040666968,"beta2":7.0,"partition":[[1,4],[2,3]],"fecundity":4,"alpha2":3.0,"alpha1":7.0,"p1":0.8,"delta":0.1,"beta1":3.0}