{"centers":[0.3690379096936388,0.6829941857796096,0.8498363202349752,0.5327902804163084],"extinction_probability":1.3562652129787811e-5,"beta2":20.0,"partition":[[1,2,3,4]],"fecundity":4,"alpha2":10.0,"alpha1":20.0,"p1":1.0,"delta":0.1,"beta1":10.0}