{"centers":[0.8999999999879359,0.9000000000122199,0.10000000001824025,0.900000000339698],"extinction_probability":0.09208780418536579,"beta2":5.0,"partition":[[1],[2,3],[4]],"fecundity":4,"alpha2":1.0,"alpha1":5.0,"p1":0.9,"delta":0.1,"beta1":1.0}