{"center_matches":[[],[],[],[]],"alpha2":3,"mean_maximizer_complement_matches":[[0.2626505372042246,"mean-maximizer-complement"]],"delta":0.1,"centers":[0.7708587918472645,0.2649207464010375,0.6058432171430106,0.7659360182560914],"beta2":7,"fecundity":4,"beta1":3,"alpha1":7,"mean_maximizer_matches":[[0.7373494627957754,"mean-maximizer"]],"extinction_probability":0.46357221130632154,"partition":[[1,2,3],[4]],"p1":0.75}