{"centers":[0.5864358701661453,0.7312721468318814,0.65758497043081,0.32165533623183085],"extinction_probability":0.08123333827284501,"beta2":20.0,"partition":[[1,2],[3,4]],"fecundity":4,"alpha2":10.0,"alpha1":20.0,"p1":0.8,"delta":0.1,"beta1":10.0}