{"centers":[0.7278033513896411,0.561395313905587,0.79963550143249,0.9029631700453461],"extinction_probability":0.9999999999999972,"beta2":1.2,"partition":[[1],[2],[3],[4]],"fecundity":4,"alpha2":1.0,"alpha1":1.2,"p1":0.7,"delta":0.1,"beta1":1.0}