{"alpha2":0.4,"special_centers":[[0.9,0.1,0.1,0.9,0.8999999999202487,0.1000000000797513],["best","good","best","good","mean_max","mean_max_complement"]],"delta":0.1,"centers":[0.1000000000797513,0.1,0.9,0.9],"beta2":0.6,"fecundity":4,"beta1":0.4,"replaced_by":["good","N/A","N/A","N/A"],"alpha1":0.6,"extinction_probability":0.4020516676202125,"partition":[[1,2],[3],[4]],"p1":0.7}