{"center_matches":[[],[],[],[]],"alpha2":3,"mean_maximizer_complement_matches":[[0.2608512261678002,"mean-maximizer-complement"]],"delta":0.1,"centers":[0.6186253802432957,0.7919080076242346,0.40379788391194327,0.7649707343451568],"beta2":7,"fecundity":4,"beta1":3,"alpha1":7,"mean_maximizer_matches":[[0.7391487738321998,"mean-maximizer"]],"extinction_probability":0.31017346147477165,"partition":[[1,2,3],[4]],"p1":0.85}