{"center_matches":[[],[],[],[]],"alpha2":7,"mean_maximizer_complement_matches":[[0.2256457929966803,"mean-maximizer-complement"]],"delta":0.1,"centers":[0.8267786372032803,0.6830720889830684,0.23001725106840779,0.7830245247587709],"beta2":23,"fecundity":4,"beta1":7,"alpha1":23,"mean_maximizer_matches":[[0.7743542070033197,"mean-maximizer"]],"extinction_probability":0.004904520905788055,"partition":[[1,2],[3,4]],"p1":0.95}