{"center_matches":[[],[[0.9,"best"]],[],[[0.9,"best"]]],"alpha2":1,"mean_maximizer_complement_matches":[[0.10000491080164597,"mean-maximizer-complement"]],"delta":0.1,"centers":[0.6599036723531186,0.9,0.7237810891961307,0.9],"beta2":1.8,"fecundity":4,"beta1":1,"alpha1":1.8,"mean_maximizer_matches":[[0.899995089198354,"mean-maximizer"]],"extinction_probability":0.9565916547393125,"partition":[[1,2],[3,4]],"p1":0.8}