{"centers":[0.9050783490708378,0.5283433292861944,0.7194955586718977,0.8826413955090089],"extinction_probability":0.008665417927648009,"beta2":5.0,"partition":[[1,2,3],[4]],"fecundity":4,"alpha2":1.0,"alpha1":5.0,"p1":1.0,"delta":0.1,"beta1":1.0}