{"center_matches":[[],[],[[0.9,"best"]],[]],"alpha2":1,"delta":0.1,"centers":[0.49399587277060814,0.8628920294810741,0.9,0.6732180659620569],"beta2":2.0,"fecundity":4,"beta1":1,"alpha1":2.0,"extinction_probability":0.9984315020045649,"partition":[[1,2,3],[4]],"p1":0.6}