{"center_matches":[[],[],[],[]],"alpha2":2,"mean_maximizer_complement_matches":[[0.3128157935605542,"mean-maximizer-complement"]],"delta":0.1,"centers":[0.4770127298010896,0.6776695815646594,0.6532596660064451,0.4439367268629346],"beta2":4,"fecundity":4,"beta1":2,"alpha1":4,"mean_maximizer_matches":[[0.6871842064394458,"mean-maximizer"]],"extinction_probability":0.8784794296682147,"partition":[[1,2],[3,4]],"p1":0.625}