{"center_matches":[[[0.9,"best"],[0.8999999992326213,"mean-maximizer"]],[[0.9,"best"],[0.8999999992326213,"mean-maximizer"]],[[0.9,"best"],[0.8999999992326213,"mean-maximizer"]],[[0.9,"best"],[0.8999999992326213,"mean-maximizer"]]],"alpha2":0.05,"delta":0.1,"centers":[0.9,0.9,0.9,0.9],"beta2":1,"fecundity":4,"beta1":0.05,"alpha1":1,"mean_maximizer_matches":[[0.9,"best"],[0.8999999992326213,"mean-maximizer"]],"extinction_probability":3.580062715997532e-5,"partition":[[1],[2],[3],[4]],"p1":1.0}