{"center_matches":[[],[],[],[]],"alpha2":7,"mean_maximizer_complement_matches":[[0.22564599552772513,"mean-maximizer-complement"]],"delta":0.1,"centers":[0.2247047822500317,0.7721832792796528,0.23713503493263188,0.7802290708143592],"beta2":23,"fecundity":4,"beta1":7,"alpha1":23,"mean_maximizer_matches":[[0.7743540044722749,"mean-maximizer"]],"extinction_probability":0.050298173640108065,"partition":[[1,2],[3],[4]],"p1":0.525}