{"center_matches":[[],[],[],[]],"alpha2":7,"mean_maximizer_complement_matches":[[0.22564579975823695,"mean-maximizer-complement"]],"delta":0.1,"centers":[0.6493350691848462,0.8366102078319191,0.788049189368178,0.221009208239766],"beta2":23,"fecundity":4,"beta1":7,"alpha1":23,"mean_maximizer_matches":[[0.774354200241763,"mean-maximizer"]],"extinction_probability":0.011634371223674691,"partition":[[1,2],[3],[4]],"p1":0.925}