{"alpha2":10.0,"special_centers":[[0.673072453628208,0.3269275463688894,0.3289858710775889,0.6710141289224111],["best","best","mean_max","mean_max_complement"]],"delta":0.1,"centers":[0.7291161510916392,0.640178829066469,0.27320452396215056,0.4690687241741417],"beta2":20.0,"fecundity":4,"beta1":10.0,"replaced_by":["N/A","N/A","N/A","N/A"],"alpha1":20.0,"extinction_probability":0.05102031387885637,"partition":[[1,2,3,4]],"p1":0.5}