{"alpha2":7.0,"special_centers":[[0.7743542195106665,0.2256457804841056,0.7743539818363192,0.2256460181636808],["best","best","mean_max","mean_max_complement"]],"delta":0.1,"centers":[0.7743546097010626,0.7743534878783025,0.2256460181636808,0.2256460181636808],"beta2":23.0,"fecundity":4,"beta1":7.0,"replaced_by":["N/A","N/A","mean_max_complement","mean_max_complement"],"alpha1":23.0,"extinction_probability":0.05014522179197802,"partition":[[1,4],[2,3]],"p1":0.5}