{"center_matches":[[],[],[],[]],"alpha2":10,"mean_maximizer_complement_matches":[[0.6645217958786129,"mean-maximizer-complement"]],"delta":0.1,"centers":[0.6631277690510666,0.3336240674490045,0.7319463721533148,0.5385332688754627],"beta2":20,"fecundity":4,"beta1":10,"alpha1":20,"mean_maximizer_matches":[[0.3354782041213871,"mean-maximizer"]],"extinction_probability":0.08029240612485782,"partition":[[1,2],[3,4]],"p1":0.775}