{"center_matches":[[],[],[],[]],"alpha2":7,"mean_maximizer_complement_matches":[[0.22564580689572256,"mean-maximizer-complement"]],"delta":0.1,"centers":[0.8330278814592695,0.6646368218525265,0.22098964773744587,0.7936647863231034],"beta2":23,"fecundity":4,"beta1":7,"alpha1":23,"mean_maximizer_matches":[[0.7743541931042774,"mean-maximizer"]],"extinction_probability":0.01816513337358425,"partition":[[1,2],[3],[4]],"p1":0.9}