{"centers":[0.9,0.9179135979887421,0.09999999999999998,0.09879629057570001],"extinction_probability":0.005289728129867971,"beta2":1.0,"partition":[[1,3],[2,4]],"fecundity":4,"alpha2":0.05,"alpha1":1.0,"p1":0.6,"delta":0.1,"beta1":0.05}