{"center_matches":[[],[[0.1,"best"]],[],[]],"alpha2":1,"delta":0.1,"centers":[0.3076580516143797,0.1,0.15726415310538702,0.8508570474341344],"beta2":2.0,"fecundity":4,"beta1":1,"alpha1":2.0,"extinction_probability":0.9999994331148937,"partition":[[1,2,3,4]],"p1":0.5}