{"centers":[0.0999999992812093,0.0999999972274584,0.9000000013168971,0.9000000080885011],"extinction_probability":0.005029738342805785,"beta2":1.0,"partition":[[1,4],[2,3]],"fecundity":4,"alpha2":0.05,"alpha1":1.0,"p1":0.5,"delta":0.1,"beta1":0.05}