{"center_matches":[[],[],[],[]],"alpha2":2,"mean_maximizer_complement_matches":[[0.27616196882323785,"mean-maximizer-complement"]],"delta":0.1,"centers":[0.39857140801860036,0.5948633433115479,0.7744246369977378,0.6932636153567151],"beta2":4,"fecundity":4,"beta1":2,"alpha1":4,"mean_maximizer_matches":[[0.7238380311767622,"mean-maximizer"]],"extinction_probability":0.5549231149654829,"partition":[[1,2,3],[4]],"p1":0.8}