{"center_matches":[[],[],[],[]],"alpha2":2,"mean_maximizer_complement_matches":[[0.27944558907413286,"mean-maximizer-complement"]],"delta":0.1,"centers":[0.3780838222438895,0.7469845044684319,0.5805515923101319,0.699411240151182],"beta2":4,"fecundity":4,"beta1":2,"alpha1":4,"mean_maximizer_matches":[[0.7205544109258671,"mean-maximizer"]],"extinction_probability":0.6101104247453109,"partition":[[1,2,3],[4]],"p1":0.775}