{"center_matches":[[],[[0.9,"best"]],[],[[0.9,"best"]]],"alpha2":1,"delta":0.1,"centers":[0.5190355200409895,0.9,0.7004379283313285,0.9],"beta2":4,"fecundity":4,"beta1":1,"alpha1":4,"mean_maximizer_matches":[[0.899999854614798,"mean-maximizer"]],"extinction_probability":0.021785058136173055,"partition":[[1,2,3],[4]],"p1":1.0}