{"center_matches":[[],[],[],[]],"alpha2":10,"mean_maximizer_complement_matches":[[0.6694866521272326,"mean-maximizer-complement"]],"delta":0.1,"centers":[0.48016025618177194,0.2799341191282731,0.6814895975339286,0.6701499735344985],"beta2":20,"fecundity":4,"beta1":10,"alpha1":20,"mean_maximizer_matches":[[0.3305133478727674,"mean-maximizer"]],"extinction_probability":0.04805516550153159,"partition":[[1,2,3],[4]],"p1":0.625}