{"center_matches":[[[0.9,"best"]],[],[],[]],"alpha2":1,"delta":0.1,"centers":[0.9,0.7000039300855339,0.7037567011459058,0.5714501047059146],"beta2":2.0,"fecundity":4,"beta1":1,"alpha1":2.0,"extinction_probability":0.9999999999999648,"partition":[[1,2],[3],[4]],"p1":0.5}