{"centers":[0.5725157707402855,0.7724738728111131,0.22817466232887734,0.4279876866283133],"extinction_probability":0.04034829107242149,"beta2":5.0,"partition":[[1,2,3,4]],"fecundity":4,"alpha2":5.0,"alpha1":5.0,"p1":1.0,"delta":0.1,"beta1":5.0}