{"alpha2":10.0,"special_centers":[[0.673072453628208,0.3269275463688894,0.33011804519207383,0.6698819548079262],["best","best","mean_max","mean_max_complement"]],"delta":0.1,"centers":[0.7858382889226471,0.21425079709599998,0.6025802933645863,0.402580534989601],"beta2":20.0,"fecundity":4,"beta1":10.0,"replaced_by":["N/A","N/A","N/A","N/A"],"alpha1":20.0,"extinction_probability":0.014325660292350158,"partition":[[1,2,3,4]],"p1":0.6}