{"centers":[0.37643765978289534,0.5556682866657847,0.7558588017293448,0.9031124235841069],"extinction_probability":0.021438115580678024,"beta2":7.0,"partition":[[1,2,3,4]],"fecundity":4,"alpha2":3.0,"alpha1":7.0,"p1":1.0,"delta":0.1,"beta1":3.0}