{"center_matches":[[],[],[],[]],"alpha2":2,"delta":0.1,"centers":[0.466099257273911,0.6660682324738865,0.8660546385287747,0.7386503226092993],"beta2":4,"fecundity":4,"beta1":2,"alpha1":4,"mean_maximizer_matches":[[0.7410581299314839,"best"],[0.741058129929932,"mean-maximizer"]],"extinction_probability":0.11679286285978058,"partition":[[1,2,3],[4]],"p1":1.0}