{"alpha2":0.95,"special_centers":[[0.9,0.1,0.8999977249842713,0.10000227501572867],["best","best","mean_max","mean_max_complement"]],"delta":0.1,"centers":[0.1,0.1,0.26634157345207,0.1],"beta2":1.0,"fecundity":4,"beta1":0.95,"replaced_by":["N/A","N/A","N/A","N/A"],"alpha1":1.0,"extinction_probability":0.9999999999999923,"partition":[[1,2,4],[3]],"p1":0.6}