{"center_matches":[[[0.1,"best"],[0.10000000005045129,"mean-maximizer-complement"]],[[0.9,"best"],[0.8999999999495487,"mean-maximizer"]],[[0.9,"best"],[0.8999999999495487,"mean-maximizer"]],[]],"alpha2":1,"mean_maximizer_complement_matches":[[0.1,"best"],[0.10000000005045129,"mean-maximizer-complement"]],"delta":0.1,"centers":[0.1,0.9,0.9,0.698793890441167],"beta2":5,"fecundity":4,"beta1":1,"alpha1":5,"mean_maximizer_matches":[[0.9,"best"],[0.8999999999495487,"mean-maximizer"]],"extinction_probability":0.08362730175013898,"partition":[[1,2],[3,4]],"p1":0.9}