{"center_matches":[[],[],[[0.22564580689572256,"mean-maximizer-complement"]],[[0.22564580689572256,"mean-maximizer-complement"]]],"alpha2":7,"mean_maximizer_complement_matches":[[0.22564580689572256,"mean-maximizer-complement"]],"delta":0.1,"centers":[0.6396914711740342,0.8396908619895835,0.22564580689572256,0.22564580689572256],"beta2":23,"fecundity":4,"beta1":7,"alpha1":23,"mean_maximizer_matches":[[0.7743541931042774,"mean-maximizer"]],"extinction_probability":0.026296797238688236,"partition":[[1,2],[3],[4]],"p1":0.9}