{"alpha2":3.0,"special_centers":[[0.7410581299358594,0.25894187005911873,0.2717349063295026,0.7282650936704974],["best","best","mean_max","mean_max_complement"]],"delta":0.1,"centers":[0.7282650936704974,0.7282650936704974,0.7282650936704974,0.27173460170960434],"beta2":7.0,"fecundity":4,"beta1":3.0,"replaced_by":["mean_max_complement","mean_max_complement","mean_max","N/A"],"alpha1":7.0,"extinction_probability":0.7429702128587299,"partition":[[1,4],[2,3]],"p1":0.5}