{"center_matches":[[],[],[],[]],"alpha2":10,"mean_maximizer_complement_matches":[[0.6645217958786129,"mean-maximizer-complement"]],"delta":0.1,"centers":[0.5064641039085243,0.7634987891463735,0.6888116249801909,0.28411096937942637],"beta2":20,"fecundity":4,"beta1":10,"alpha1":20,"mean_maximizer_matches":[[0.3354782041213871,"mean-maximizer"]],"extinction_probability":0.0289573206546555,"partition":[[1,2,3,4]],"p1":0.775}