{"centers":[0.13587226300068767,0.24024860853241084,0.20409464819236067,0.15625991776629675],"extinction_probability":0.999999999999997,"beta2":2.0,"partition":[[1,3,4],[2]],"fecundity":4,"alpha2":1.0,"alpha1":2.0,"p1":0.5,"delta":0.1,"beta1":1.0}