{"centers":[0.09999999997337469,0.10000000003090768,0.8999999999287577,0.9000000001248466],"extinction_probability":0.2368567929629579,"beta2":5.0,"partition":[[1,4],[2,3]],"fecundity":4,"alpha2":1.0,"alpha1":5.0,"p1":0.5,"delta":0.1,"beta1":1.0}