{"center_matches":[[[0.9,"best"],[0.8999999999782405,"mean-maximizer"]],[],[[0.1,"best"],[0.10000000002175946,"mean-maximizer-complement"]],[[0.9,"best"],[0.8999999999782405,"mean-maximizer"]]],"alpha2":1,"mean_maximizer_complement_matches":[[0.1,"best"],[0.10000000002175946,"mean-maximizer-complement"]],"delta":0.1,"centers":[0.9,0.7024620006389296,0.1,0.9],"beta2":7.5,"fecundity":4,"beta1":1,"alpha1":7.5,"mean_maximizer_matches":[[0.9,"best"],[0.8999999999782405,"mean-maximizer"]],"extinction_probability":0.08271791134694752,"partition":[[1,2,3,4]],"p1":0.75}