{"alpha2":2.0,"special_centers":[[0.7410581299314839,0.2589418700639356,0.733985707007922,0.266014292992078],["best","best","mean_max","mean_max_complement"]],"delta":0.1,"centers":[0.7979745004629579,0.5980772201390735,0.5890905680690861,0.7896103713625522],"beta2":4.0,"fecundity":4,"beta1":2.0,"replaced_by":["N/A","N/A","N/A","N/A"],"alpha1":4.0,"extinction_probability":0.27117496167301863,"partition":[[1,2],[3,4]],"p1":0.9}