{"centers":[0.7280696720708605,0.27154224840712543,0.730974915689039,0.7309755462307314],"extinction_probability":0.6298349947563511,"beta2":7.0,"partition":[[1,2],[3],[4]],"fecundity":4,"alpha2":3.0,"alpha1":7.0,"p1":0.6,"delta":0.1,"beta1":3.0}