{"center_matches":[[],[],[],[]],"alpha2":3,"mean_maximizer_complement_matches":[[0.26685670512382476,"mean-maximizer-complement"]],"delta":0.1,"centers":[0.7280666775753012,0.2714943003771143,0.730902019822084,0.7309141082265345],"beta2":7,"fecundity":4,"beta1":3,"alpha1":7,"mean_maximizer_matches":[[0.7331432948761752,"mean-maximizer"]],"extinction_probability":0.6298350537239243,"partition":[[1,2],[3],[4]],"p1":0.6}