{"center_matches":[[],[],[],[]],"alpha2":10,"mean_maximizer_complement_matches":[[0.6542023841004903,"mean-maximizer-complement"]],"delta":0.1,"centers":[0.7621189993210408,0.4476154831712518,0.60673312098094,0.25868659957133877],"beta2":20,"fecundity":4,"beta1":10,"alpha1":20,"mean_maximizer_matches":[[0.3457976158995097,"mean-maximizer"]],"extinction_probability":0.017526072586148456,"partition":[[1,2,3,4]],"p1":0.85}