{"centers":[0.5971667928699241,0.5979256718679667,0.7971424584773712,0.7979132137538318],"extinction_probability":0.2707114471555671,"beta2":4.0,"partition":[[1,3],[2,4]],"fecundity":4,"alpha2":2.0,"alpha1":4.0,"p1":0.9,"delta":0.1,"beta1":2.0}