{"center_matches":[[[0.26379539085047454,"mean-maximizer-complement"]],[[0.26379539085047454,"mean-maximizer-complement"]],[],[]],"alpha2":3,"mean_maximizer_complement_matches":[[0.26379539085047454,"mean-maximizer-complement"]],"delta":0.1,"centers":[0.26379539085047454,0.26379539085047454,0.733886284607419,0.7476447393003739],"beta2":7,"fecundity":4,"beta1":3,"alpha1":7,"mean_maximizer_matches":[[0.7362046091495255,"mean-maximizer"]],"extinction_probability":0.4846622810711193,"partition":[[1,2],[3],[4]],"p1":0.7}