{"center_matches":[[],[],[],[]],"alpha2":7,"mean_maximizer_complement_matches":[[0.22564592309223563,"mean-maximizer-complement"]],"delta":0.1,"centers":[0.22564595745140742,0.7743527535218617,0.774354477174571,0.2256472712694557],"beta2":23,"fecundity":4,"beta1":7,"alpha1":23,"mean_maximizer_matches":[[0.7743540769077644,"mean-maximizer"]],"extinction_probability":0.05014530365554047,"partition":[[1,2],[3],[4]],"p1":0.625}