{"center_matches":[[],[],[],[]],"alpha2":1,"mean_maximizer_complement_matches":[[0.10000504553025347,"mean-maximizer-complement"]],"delta":0.1,"centers":[0.7437634117567284,0.8420859495545254,0.8545234335712755,0.8008124374660106],"beta2":1.8,"fecundity":4,"beta1":1,"alpha1":1.8,"mean_maximizer_matches":[[0.8999949544697465,"mean-maximizer"]],"extinction_probability":0.9696275741182342,"partition":[[1,2],[3],[4]],"p1":0.775}