{"center_matches":[[],[],[],[]],"alpha2":7,"mean_maximizer_complement_matches":[[0.22564583990594,"mean-maximizer-complement"]],"delta":0.1,"centers":[0.16230660176989462,0.34397185247228357,0.7700579153219371,0.7726955815001354],"beta2":23,"fecundity":4,"beta1":7,"alpha1":23,"mean_maximizer_matches":[[0.77435416009406,"mean-maximizer"]],"extinction_probability":0.041072652179072175,"partition":[[1,2],[3],[4]],"p1":0.8}