{"center_matches":[[],[],[],[]],"alpha2":3,"mean_maximizer_complement_matches":[[0.2616819098760751,"mean-maximizer-complement"]],"delta":0.1,"centers":[0.606377654322629,0.28147572628695966,0.7787772663249496,0.7639754077327329],"beta2":7,"fecundity":4,"beta1":3,"alpha1":7,"mean_maximizer_matches":[[0.7383180901239249,"mean-maximizer"]],"extinction_probability":0.363911548413531,"partition":[[1,2,3],[4]],"p1":0.8}