{"center_matches":[[],[[0.22564588234798022,"mean-maximizer-complement"]],[[0.22564588234798022,"mean-maximizer-complement"]],[[0.22564588234798022,"mean-maximizer-complement"]]],"alpha2":7,"mean_maximizer_complement_matches":[[0.22564588234798022,"mean-maximizer-complement"]],"delta":0.1,"centers":[0.7743542753450305,0.22564588234798022,0.22564588234798022,0.22564588234798022],"beta2":23,"fecundity":4,"beta1":7,"alpha1":23,"mean_maximizer_matches":[[0.7743541176520198,"mean-maximizer"]],"extinction_probability":0.05014522178831619,"partition":[[1,2],[3,4]],"p1":0.7}