{"centers":[0.8999999998496118,0.8999999999190273,0.8999999996429635,0.8999999996862269],"extinction_probability":0.4968600002764729,"beta2":2.0,"partition":[[1],[2],[3],[4]],"fecundity":4,"alpha2":1.0,"alpha1":2.0,"p1":0.9,"delta":0.1,"beta1":1.0}