{"center_matches":[[],[],[],[[0.9,"best"]]],"alpha2":1,"delta":0.1,"centers":[0.8710240324325158,0.7390982614061582,0.865906310763904,0.9],"beta2":2,"fecundity":4,"beta1":1,"alpha1":2,"extinction_probability":0.9476909281229894,"partition":[[1],[2],[3],[4]],"p1":0.775}