{"center_matches":[[],[],[],[]],"alpha2":3,"mean_maximizer_complement_matches":[[0.26785227017897684,"mean-maximizer-complement"]],"delta":0.1,"centers":[0.27999514216838334,0.7326166651491328,0.28227402141874464,0.7310620700165035],"beta2":7,"fecundity":4,"beta1":3,"alpha1":7,"mean_maximizer_matches":[[0.7321477298210232,"mean-maximizer"]],"extinction_probability":0.7402594890798304,"partition":[[1,2],[3,4]],"p1":0.575}