{"centers":[0.9022124783859258,0.09790447590468315,0.9004450079181422,0.9038794681135357],"extinction_probability":0.410902080977466,"beta2":0.6,"partition":[[1],[2,4],[3]],"fecundity":4,"alpha2":0.4,"alpha1":0.6,"p1":0.7,"delta":0.1,"beta1":0.4}