{"centers":[0.9000000000877743,0.900000000026751,0.9000000000186533,0.09999999998023985],"extinction_probability":0.45167833653588935,"beta2":0.6,"partition":[[1],[2],[3,4]],"fecundity":4,"alpha2":0.4,"alpha1":0.6,"p1":0.6,"delta":0.1,"beta1":0.4}