{"centers":[0.09999999998552517,0.09999999990169828,0.9000000000362959,0.900000000132214],"extinction_probability":0.41148636346057554,"beta2":0.6,"partition":[[1,3],[2,4]],"fecundity":4,"alpha2":0.4,"alpha1":0.6,"p1":0.6,"delta":0.1,"beta1":0.4}