{"alpha2":0.4,"special_centers":[[0.9,0.1],["best","best"]],"delta":0.1,"centers":[0.1,0.9,0.3170507235182791,0.7000097987541857],"beta2":0.6,"fecundity":4,"beta1":0.4,"replaced_by":["N/A","N/A","N/A","N/A"],"alpha1":0.6,"extinction_probability":6.719471383740353e-68,"partition":[[1,2,3,4]],"p1":0.5}