{"center_matches":[[[0.9,"best"]],[],[],[[0.9,"best"]]],"alpha2":1,"delta":0.1,"centers":[0.9,0.6999999999895962,0.7000000000001793,0.9],"beta2":1.8,"fecundity":4,"beta1":1,"alpha1":1.8,"mean_maximizer_matches":[[0.8999959245383914,"mean-maximizer"]],"extinction_probability":0.43974063036860206,"partition":[[1,2],[3,4]],"p1":1.0}