{"center_matches":[[],[],[],[]],"alpha2":7,"mean_maximizer_complement_matches":[[0.2256459749496046,"mean-maximizer-complement"]],"delta":0.1,"centers":[0.17176443443885242,0.6791887120132669,0.32099088406305987,0.8282500332032469],"beta2":23,"fecundity":4,"beta1":7,"alpha1":23,"mean_maximizer_matches":[[0.7743540250503954,"mean-maximizer"]],"extinction_probability":0.07054899822491918,"partition":[[1,2,3,4]],"p1":0.55}