{"center_matches":[[],[],[],[]],"alpha2":10,"mean_maximizer_complement_matches":[[0.6596023284340252,"mean-maximizer-complement"]],"delta":0.1,"centers":[0.6447297253044821,0.4454918589464481,0.7917190459844565,0.24570847977433286],"beta2":20,"fecundity":4,"beta1":10,"alpha1":20,"mean_maximizer_matches":[[0.3403976715659748,"mean-maximizer"]],"extinction_probability":0.00737674711573032,"partition":[[1,2,3,4]],"p1":0.825}