{"center_matches":[[[0.9,"best"]],[],[],[[0.9,"best"]]],"alpha2":1,"delta":0.1,"centers":[0.9,0.4999999678137249,0.6999999892576032,0.9],"beta2":3,"fecundity":4,"beta1":1,"alpha1":3,"mean_maximizer_matches":[[0.8999983044455306,"mean-maximizer"]],"extinction_probability":0.071738847867213,"partition":[[1,2,3],[4]],"p1":1.0}