{"center_matches":[[],[],[],[]],"alpha2":2,"mean_maximizer_complement_matches":[[0.3557996372211698,"mean-maximizer-complement"]],"delta":0.1,"centers":[0.6163924041753251,0.39824007414374535,0.5833916379686509,0.5520827371245581],"beta2":4,"fecundity":4,"beta1":2,"alpha1":4,"mean_maximizer_matches":[[0.6442003627788302,"mean-maximizer"]],"extinction_probability":0.9504542679652456,"partition":[[1,2],[3],[4]],"p1":0.55}