{"center_matches":[[],[],[],[]],"alpha2":10,"mean_maximizer_complement_matches":[[0.3278874747261512,"mean-maximizer-complement"]],"delta":0.1,"centers":[0.7758673733254624,0.6500209126150406,0.49151275436668235,0.30818534682257803],"beta2":20,"fecundity":4,"beta1":10,"alpha1":20,"mean_maximizer_matches":[[0.6721125252738488,"mean-maximizer"]],"extinction_probability":0.038630253602986026,"partition":[[1,2,3,4]],"p1":0.675}