{"center_matches":[[],[],[],[]],"alpha2":2,"mean_maximizer_complement_matches":[[0.26402187641233166,"mean-maximizer-complement"]],"delta":0.1,"centers":[0.7369763011878905,0.5676744801556154,0.5550316046906869,0.7500329791820904],"beta2":4,"fecundity":4,"beta1":2,"alpha1":4,"mean_maximizer_matches":[[0.7359781235876683,"mean-maximizer"]],"extinction_probability":0.27777198707017264,"partition":[[1,2],[3,4]],"p1":0.925}