{"center_matches":[[],[],[],[]],"alpha2":2,"mean_maximizer_complement_matches":[[0.26219157394089065,"mean-maximizer-complement"]],"delta":0.1,"centers":[0.8758513580848136,0.6906744893531758,0.4899853355064042,0.6878201900508902],"beta2":4,"fecundity":4,"beta1":2,"alpha1":4,"mean_maximizer_matches":[[0.7378084260591093,"mean-maximizer"]],"extinction_probability":0.21425431009604107,"partition":[[1,2,3],[4]],"p1":0.95}