{"center_matches":[[],[],[],[]],"alpha2":7,"mean_maximizer_complement_matches":[[0.2256457804841056,"best"],[0.22564578658149181,"mean-maximizer-complement"]],"delta":0.1,"centers":[0.838756126825505,0.25507064368125587,0.6654252864433601,0.7757581634557139],"beta2":23,"fecundity":4,"beta1":7,"alpha1":23,"mean_maximizer_matches":[[0.7743542195106665,"best"],[0.7743542134185082,"mean-maximizer"]],"extinction_probability":0.0034374285987732968,"partition":[[1,2,3],[4]],"p1":0.975}