{"center_matches":[[],[],[[0.9,"best"]],[]],"alpha2":1,"delta":0.1,"centers":[0.7331559679899958,0.7857640676296309,0.9,0.8405130264712468],"beta2":1.2,"fecundity":4,"beta1":1,"alpha1":1.2,"mean_maximizer_matches":[[0.8999944731590351,"mean-maximizer"]],"extinction_probability":0.9999999999999882,"partition":[[1,2,3,4]],"p1":1.0}