{"center_matches":[[],[],[],[]],"alpha2":10,"mean_maximizer_complement_matches":[[0.6625720872015366,"mean-maximizer-complement"]],"delta":0.1,"centers":[0.7187953463080164,0.33409047476378617,0.534392009210713,0.6685663537541842],"beta2":20,"fecundity":4,"beta1":10,"alpha1":20,"mean_maximizer_matches":[[0.33742791279846346,"mean-maximizer"]],"extinction_probability":0.029355809166461456,"partition":[[1,2,3],[4]],"p1":0.8}