{"centers":[1.0,0.0,0.4555715432485583,0.44242121035411097],"extinction_probability":0.999999999999998,"beta2":1.8,"partition":[[1],[2],[3,4]],"fecundity":4,"alpha2":1.0,"alpha1":1.8,"p1":0.5,"delta":0.1,"beta1":1.0}