{"centers":[0.7717346980331851,0.20339287106986753,0.797659987135521,0.7089617933674003],"extinction_probability":0.9999999999999972,"beta2":1.0,"partition":[[1],[2],[3],[4]],"fecundity":4,"alpha2":0.95,"alpha1":1.0,"p1":0.7,"delta":0.1,"beta1":0.95}