{"center_matches":[[],[],[],[]],"alpha2":7,"mean_maximizer_complement_matches":[[0.22564583990594,"mean-maximizer-complement"]],"delta":0.1,"centers":[0.7377025386128675,0.7604045500186773,0.7612566366386394,0.2232247311265175],"beta2":23,"fecundity":4,"beta1":7,"alpha1":23,"mean_maximizer_matches":[[0.77435416009406,"mean-maximizer"]],"extinction_probability":0.042345516793427684,"partition":[[1],[2],[3],[4]],"p1":0.8}