{"centers":[0.6722860624965026,0.7208217299546051,0.5208477239954314,0.32079658817196455],"extinction_probability":0.02109328413232096,"beta2":20.0,"partition":[[1],[2,3,4]],"fecundity":4,"alpha2":10.0,"alpha1":20.0,"p1":0.9,"delta":0.1,"beta1":10.0}