{"center_matches":[[[0.1,"best"],[0.10000000005055287,"mean-maximizer-complement"]],[[0.9,"best"],[0.8999999999494471,"mean-maximizer"]],[[0.9,"best"],[0.8999999999494471,"mean-maximizer"]],[[0.9,"best"],[0.8999999999494471,"mean-maximizer"]]],"alpha2":1,"mean_maximizer_complement_matches":[[0.1,"best"],[0.10000000005055287,"mean-maximizer-complement"]],"delta":0.1,"centers":[0.1,0.9,0.9,0.9],"beta2":5.0,"fecundity":4,"beta1":1,"alpha1":5.0,"mean_maximizer_matches":[[0.9,"best"],[0.8999999999494471,"mean-maximizer"]],"extinction_probability":0.11470459104032611,"partition":[[1,2],[3],[4]],"p1":0.8}