{"center_matches":[[[0.9,"best"]],[],[],[]],"alpha2":1,"delta":0.1,"centers":[0.9,0.6863295081437581,0.7319197039584354,0.8947883064959687],"beta2":2,"fecundity":4,"beta1":1,"alpha1":2,"extinction_probability":0.7910667529750545,"partition":[[1,2],[3,4]],"p1":0.85}