{"centers":[0.8999999999057868,0.8999999998672485,0.8999999998762878,0.8999999999298357],"extinction_probability":0.8950547808931637,"beta2":2.0,"partition":[[1],[2],[3],[4]],"fecundity":4,"alpha2":1.0,"alpha1":2.0,"p1":0.7,"delta":0.1,"beta1":1.0}