{"centers":[0.8999999924211134,0.899999935183214,0.8999999989069072,0.900000000333496],"extinction_probability":0.6080713084156181,"beta2":1.8,"partition":[[1],[2],[3],[4]],"fecundity":4,"alpha2":1.0,"alpha1":1.8,"p1":0.9,"delta":0.1,"beta1":1.0}