{"center_matches":[[],[],[],[]],"alpha2":7,"mean_maximizer_complement_matches":[[0.22564593893713591,"mean-maximizer-complement"]],"delta":0.1,"centers":[0.16363997170747493,0.6702066206814457,0.31690719243829524,0.8221986592925448],"beta2":23,"fecundity":4,"beta1":7,"alpha1":23,"mean_maximizer_matches":[[0.7743540610628641,"mean-maximizer"]],"extinction_probability":0.0731476559603574,"partition":[[1,2,3,4]],"p1":0.6}