{"center_matches":[[],[],[],[]],"alpha2":2,"mean_maximizer_complement_matches":[[0.266014292992078,"mean-maximizer-complement"]],"delta":0.1,"centers":[0.6000046921093556,0.801673314254373,0.7903878472518767,0.590554469687179],"beta2":4,"fecundity":4,"beta1":2,"alpha1":4,"mean_maximizer_matches":[[0.733985707007922,"mean-maximizer"]],"extinction_probability":0.27183369180176326,"partition":[[1,2],[3,4]],"p1":0.9}