{"center_matches":[[],[],[],[]],"alpha2":3,"mean_maximizer_complement_matches":[[0.26596851666886157,"mean-maximizer-complement"]],"delta":0.1,"centers":[0.5467381905020483,0.7559057897349604,0.23668846922095085,0.7283602352780342],"beta2":7,"fecundity":4,"beta1":3,"alpha1":7,"mean_maximizer_matches":[[0.7340314833311384,"mean-maximizer"]],"extinction_probability":0.7300530684638727,"partition":[[1,2,3],[4]],"p1":0.625}