{"center_matches":[[],[],[],[]],"alpha2":1,"mean_maximizer_complement_matches":[[0.265160193745119,"mean-maximizer-complement"]],"delta":0.1,"centers":[0.7284226240131286,0.7482686419637664,0.7525759604555615,0.7788046860056667],"beta2":1.2,"fecundity":4,"beta1":1,"alpha1":1.2,"mean_maximizer_matches":[[0.734839806254881,"mean-maximizer"]],"extinction_probability":0.9999982023426693,"partition":[[1],[2],[3],[4]],"p1":0.7}