{"alpha2":7.0,"special_centers":[[0.7743542195106665,0.2256457804841056,0.7743541176520198,0.22564588234798022],["best","best","mean_max","mean_max_complement"]],"delta":0.1,"centers":[0.22564696200541748,0.7743547970957733,0.7743534556818553,0.22564772333433925],"beta2":23.0,"fecundity":4,"beta1":7.0,"replaced_by":["N/A","N/A","N/A","N/A"],"alpha1":23.0,"extinction_probability":0.05014522179569582,"partition":[[1,2],[3,4]],"p1":0.7}