{"center_matches":[[],[],[],[[0.9,"best"]]],"alpha2":1,"delta":0.1,"centers":[0.8631312539915683,0.8450992595053585,0.7178033533346145,0.9],"beta2":2,"fecundity":4,"beta1":1,"alpha1":2,"extinction_probability":0.9140045365490012,"partition":[[1],[2],[3],[4]],"p1":0.8}