{"alpha2":5.0,"special_centers":[[0.5,0.5,0.4999999997939563,0.5000000002060436],["best","best","mean_max","mean_max_complement"]],"delta":0.1,"centers":[0.3003093631816396,0.5003104411657664,0.5000047930344966,0.7003099521910637],"beta2":5.0,"fecundity":4,"beta1":5.0,"replaced_by":["N/A","N/A","N/A","N/A"],"alpha1":5.0,"extinction_probability":0.046546798726917964,"partition":[[1,2,4],[3]],"p1":1.0}