{"center_matches":[[],[],[],[]],"alpha2":3,"mean_maximizer_complement_matches":[[0.26379539085047454,"mean-maximizer-complement"]],"delta":0.1,"centers":[0.2806608679080385,0.5916869713451556,0.7591724428975766,0.7149667140918051],"beta2":7,"fecundity":4,"beta1":3,"alpha1":7,"mean_maximizer_matches":[[0.7362046091495255,"mean-maximizer"]],"extinction_probability":0.5384858236125002,"partition":[[1,2,3],[4]],"p1":0.7}