{"center_matches":[[],[],[],[]],"alpha2":3,"mean_maximizer_complement_matches":[[0.2601306619903049,"mean-maximizer-complement"]],"delta":0.1,"centers":[0.5975853899345608,0.7997591344434702,0.6326205777385419,0.823251512635312],"beta2":7,"fecundity":4,"beta1":3,"alpha1":7,"mean_maximizer_matches":[[0.7398693380096951,"mean-maximizer"]],"extinction_probability":0.15937619190587626,"partition":[[1,2],[3,4]],"p1":0.9}