{"center_matches":[[],[],[],[]],"alpha2":7,"mean_maximizer_complement_matches":[[0.22564589492342513,"mean-maximizer-complement"]],"delta":0.1,"centers":[0.1679763093321227,0.3290621831497686,0.774054473071699,0.7760013653286043],"beta2":23,"fecundity":4,"beta1":7,"alpha1":23,"mean_maximizer_matches":[[0.7743541050765749,"mean-maximizer"]],"extinction_probability":0.051922434401797085,"partition":[[1,2,3],[4]],"p1":0.675}