{"centers":[0.9000049199600125,0.9000827764415147,0.9000750900908092,0.9000840117718202],"extinction_probability":0.21298587456262918,"beta2":0.6,"partition":[[1],[2],[3],[4]],"fecundity":4,"alpha2":0.4,"alpha1":0.6,"p1":1.0,"delta":0.1,"beta1":0.4}