{"alpha2":0.1,"special_centers":[[0.9,0.1,0.1,0.9,0.899999998014031,0.10000000198596903],["best","good","best","good","mean_max","mean_max_complement"]],"delta":0.1,"centers":[0.10000000198596903,0.9,0.9,0.9],"beta2":0.9,"fecundity":4,"beta1":0.1,"replaced_by":["good","N/A","N/A","N/A"],"alpha1":0.9,"extinction_probability":0.0006810730283383619,"partition":[[1],[2],[3],[4]],"p1":1.0}