{"center_matches":[[],[],[],[]],"alpha2":10,"mean_maximizer_complement_matches":[[0.32697733092135983,"mean-maximizer-complement"]],"delta":0.1,"centers":[0.4839871491536285,0.8234617741167549,0.6610919161648575,0.28904228515128105],"beta2":20,"fecundity":4,"beta1":10,"alpha1":20,"mean_maximizer_matches":[[0.6730226690786402,"mean-maximizer"]],"extinction_probability":0.0036308984554844653,"partition":[[1,2,3,4]],"p1":0.975}