{"center_matches":[[],[],[],[]],"alpha2":2,"mean_maximizer_complement_matches":[[0.2681924161672966,"mean-maximizer-complement"]],"delta":0.1,"centers":[0.6034350840311214,0.7768361756317316,0.7666818311943819,0.5636937194753051],"beta2":4,"fecundity":4,"beta1":2,"alpha1":4,"mean_maximizer_matches":[[0.7318075838327034,"mean-maximizer"]],"extinction_probability":0.36701560790169757,"partition":[[1,2],[3,4]],"p1":0.875}