{"alpha2":2.0,"special_centers":[[0.7410581299314839,0.2589418700639356,0.6769071286449945,0.32309287135500553],["best","best","mean_max","mean_max_complement"]],"delta":0.1,"centers":[0.6565547035211492,0.6565559551596887,0.6565524086592426,0.6565564836765883],"beta2":4.0,"fecundity":4,"beta1":2.0,"replaced_by":["N/A","N/A","N/A","N/A"],"alpha1":4.0,"extinction_probability":0.8291997675395089,"partition":[[1],[2],[3],[4]],"p1":0.6}