{"center_matches":[[],[],[],[]],"alpha2":3,"mean_maximizer_complement_matches":[[0.2626505372042246,"mean-maximizer-complement"]],"delta":0.1,"centers":[0.7508102633199287,0.7487105290202528,0.27303312280376024,0.7250813908979967],"beta2":7,"fecundity":4,"beta1":3,"alpha1":7,"mean_maximizer_matches":[[0.7373494627957754,"mean-maximizer"]],"extinction_probability":0.4816381065401369,"partition":[[1],[2],[3],[4]],"p1":0.75}