{"centers":[0.2382566242244769,0.6641725019365656,0.8220891182738957,0.7627006903909287],"extinction_probability":0.098678634409996,"beta2":23.0,"partition":[[1,2,3],[4]],"fecundity":4,"alpha2":7.0,"alpha1":23.0,"p1":0.7,"delta":0.1,"beta1":7.0}