{"center_matches":[[],[],[],[[0.6669733647871292,"mean-maximizer-complement"]]],"alpha2":10,"mean_maximizer_complement_matches":[[0.6669733647871292,"mean-maximizer-complement"]],"delta":0.1,"centers":[0.7293852066622468,0.3273480909222934,0.5256468908883608,0.6669733647871292],"beta2":20,"fecundity":4,"beta1":10,"alpha1":20,"mean_maximizer_matches":[[0.3330266352128708,"mean-maximizer"]],"extinction_probability":0.05810215965936365,"partition":[[1,2,3],[4]],"p1":0.725}