{"centers":[0.09999996083317073,0.9000000520080178,0.9000000004670926,0.09999983800915563],"extinction_probability":0.0050297403894051405,"beta2":1.0,"partition":[[1,2],[3,4]],"fecundity":4,"alpha2":0.05,"alpha1":1.0,"p1":0.9,"delta":0.1,"beta1":0.05}