{"center_matches":[[[0.1,"best"],[0.10000000077754034,"mean-maximizer-complement"]],[[0.9,"best"],[0.8999999992224597,"mean-maximizer"]],[[0.9,"best"],[0.8999999992224597,"mean-maximizer"]],[[0.9,"best"],[0.8999999992224597,"mean-maximizer"]]],"alpha2":0.05,"mean_maximizer_complement_matches":[[0.1,"best"],[0.10000000077754034,"mean-maximizer-complement"]],"delta":0.1,"centers":[0.1,0.9,0.9,0.9],"beta2":1,"fecundity":4,"beta1":0.05,"alpha1":1,"mean_maximizer_matches":[[0.9,"best"],[0.8999999992224597,"mean-maximizer"]],"extinction_probability":0.0005763454110917723,"partition":[[1],[2],[3],[4]],"p1":0.925}