{"alpha2":10.0,"special_centers":[[0.673072453628208,0.3269275463688894,0.33219814685043547,0.6678018531495645],["best","best","mean_max","mean_max_complement"]],"delta":0.1,"centers":[0.6208738068522698,0.22087389358192816,0.7920223944709683,0.42087385969255875],"beta2":20.0,"fecundity":4,"beta1":10.0,"replaced_by":["N/A","N/A","N/A","N/A"],"alpha1":20.0,"extinction_probability":0.009957391786980727,"partition":[[1,2,3,4]],"p1":0.7}