{"center_matches":[[],[],[],[]],"alpha2":10,"mean_maximizer_complement_matches":[[0.670782097735209,"mean-maximizer-complement"]],"delta":0.1,"centers":[0.42448827328252803,0.23115808544082184,0.6241457463616117,0.7837355658571246],"beta2":20,"fecundity":4,"beta1":10,"alpha1":20,"mean_maximizer_matches":[[0.32921790226479103,"mean-maximizer"]],"extinction_probability":0.016192595798325944,"partition":[[1,2,3,4]],"p1":0.525}