{"center_matches":[[],[],[],[]],"alpha2":2,"mean_maximizer_complement_matches":[[0.27616196882323785,"mean-maximizer-complement"]],"delta":0.1,"centers":[0.7244786181058608,0.5357901374681198,0.6544996504003013,0.6271099300102926],"beta2":4,"fecundity":4,"beta1":2,"alpha1":4,"mean_maximizer_matches":[[0.7238380311767622,"mean-maximizer"]],"extinction_probability":0.5422332607329651,"partition":[[1,2],[3],[4]],"p1":0.8}