{"center_matches":[[],[],[],[]],"alpha2":10,"mean_maximizer_complement_matches":[[0.6542023841004903,"mean-maximizer-complement"]],"delta":0.1,"centers":[0.5859520514194818,0.7775291605731529,0.6917496949467656,0.34632286609026375],"beta2":20,"fecundity":4,"beta1":10,"alpha1":20,"mean_maximizer_matches":[[0.3457976158995097,"mean-maximizer"]],"extinction_probability":0.042794318149486685,"partition":[[1,2],[3],[4]],"p1":0.85}