{"center_matches":[[],[],[],[]],"alpha2":1,"mean_maximizer_complement_matches":[[0.10000550744873515,"mean-maximizer-complement"]],"delta":0.1,"centers":[0.7758951726626933,0.7330717210918046,0.7697637037754714,0.8630986471341997],"beta2":1.8,"fecundity":4,"beta1":1,"alpha1":1.8,"mean_maximizer_matches":[[0.8999944925512648,"mean-maximizer"]],"extinction_probability":0.9950164178180677,"partition":[[1],[2],[3],[4]],"p1":0.7}