{"centers":[0.17960258519717837,0.1873155340070158,0.17526564799300548,0.3479011252227247],"extinction_probability":0.9999999999999977,"beta2":1.0,"partition":[[1,3],[2],[4]],"fecundity":4,"alpha2":0.95,"alpha1":1.0,"p1":0.8,"delta":0.1,"beta1":0.95}