{"center_matches":[[],[],[],[]],"alpha2":3,"mean_maximizer_complement_matches":[[0.262146884345993,"mean-maximizer-complement"]],"delta":0.1,"centers":[0.6945955734240625,0.7546455839728772,0.27701558503113716,0.7206356740521818],"beta2":7,"fecundity":4,"beta1":3,"alpha1":7,"mean_maximizer_matches":[[0.737853115654007,"mean-maximizer"]],"extinction_probability":0.4103326989043656,"partition":[[1],[2],[3],[4]],"p1":0.775}