{"centers":[0.4870708691596033,0.5062954272024226,0.6735807780717562,0.2880757368619088],"extinction_probability":0.2442553450704636,"beta2":3.0,"partition":[[1,3,4],[2]],"fecundity":4,"alpha2":3.0,"alpha1":3.0,"p1":1.0,"delta":0.1,"beta1":3.0}