{"center_matches":[[[0.9,"best"]],[],[[0.9,"best"]],[]],"alpha2":1,"mean_maximizer_complement_matches":[[0.10000455280345466,"mean-maximizer-complement"]],"delta":0.1,"centers":[0.9,0.7123116815328268,0.9,0.6973258468671036],"beta2":1.8,"fecundity":4,"beta1":1,"alpha1":1.8,"mean_maximizer_matches":[[0.8999954471965453,"mean-maximizer"]],"extinction_probability":0.7724066100668056,"partition":[[1,2],[3,4]],"p1":0.875}