{"center_matches":[[],[],[],[]],"alpha2":3,"delta":0.1,"centers":[0.8902271020024237,0.32650296104256404,0.5265029073648932,0.7265028777770653],"beta2":7,"fecundity":4,"beta1":3,"alpha1":7,"mean_maximizer_matches":[[0.7410581299358594,"best"],[0.7410581299373927,"mean-maximizer"]],"extinction_probability":0.008390316006540667,"partition":[[1,2,3,4]],"p1":1.0}