{"alpha2":2.0,"special_centers":[[0.7410581299314839,0.2589418700639356,0.7077802025720147,0.2922197974279853],["best","best","mean_max","mean_max_complement"]],"delta":0.1,"centers":[0.5642753868260468,0.7708823352995814,0.7642056686239025,0.5722474680851743],"beta2":4.0,"fecundity":4,"beta1":2.0,"replaced_by":["N/A","N/A","N/A","N/A"],"alpha1":4.0,"extinction_probability":0.6235033184687494,"partition":[[1,3],[2,4]],"p1":0.7}