{"center_matches":[[[0.22564599552772513,"mean-maximizer-complement"]],[[0.22564599552772513,"mean-maximizer-complement"]],[],[]],"alpha2":7,"mean_maximizer_complement_matches":[[0.22564599552772513,"mean-maximizer-complement"]],"delta":0.1,"centers":[0.22564599552772513,0.22564599552772513,0.22564656096080116,0.7743537826148085],"beta2":23,"fecundity":4,"beta1":7,"alpha1":23,"mean_maximizer_matches":[[0.7743540044722749,"mean-maximizer"]],"extinction_probability":0.05014522178914929,"partition":[[1,2],[3,4]],"p1":0.525}