{"center_matches":[[],[],[],[]],"alpha2":10,"mean_maximizer_complement_matches":[[0.6659179695249331,"mean-maximizer-complement"]],"delta":0.1,"centers":[0.44229594659761223,0.635075424173344,0.7723845270374354,0.30081742893610286],"beta2":20,"fecundity":4,"beta1":10,"alpha1":20,"mean_maximizer_matches":[[0.3340820304750669,"mean-maximizer"]],"extinction_probability":0.031702496831779385,"partition":[[1,2,3,4]],"p1":0.75}