{"center_matches":[[[0.10000274255858,"mean-maximizer-complement"]],[],[],[[0.9,"best"]]],"alpha2":0.95,"mean_maximizer_complement_matches":[[0.10000274255858,"mean-maximizer-complement"]],"delta":0.1,"centers":[0.10000274255858,0.7000702950505491,0.7802778609354344,0.9],"beta2":1,"fecundity":4,"beta1":0.95,"alpha1":1,"mean_maximizer_matches":[[0.89999725744142,"mean-maximizer"]],"extinction_probability":0.9999999999999906,"partition":[[1,2,3],[4]],"p1":0.5}