{"center_matches":[[],[],[],[]],"alpha2":3,"mean_maximizer_complement_matches":[[0.26047861194333755,"mean-maximizer-complement"]],"delta":0.1,"centers":[0.7387683631929202,0.8305541021496076,0.3492618710223801,0.5542351406099942],"beta2":7,"fecundity":4,"beta1":3,"alpha1":7,"mean_maximizer_matches":[[0.7395213880566625,"mean-maximizer"]],"extinction_probability":0.24707308385265211,"partition":[[1,2,3,4]],"p1":0.875}