{"center_matches":[[],[],[],[]],"alpha2":5.0,"delta":0.1,"centers":[0.6615369506581334,0.47897753496712575,0.3012756435652029,0.5015343527337153],"beta2":5.0,"fecundity":4,"beta1":5.0,"alpha1":5.0,"mean_maximizer_matches":[[0.5,"best"],[0.4999999997939563,"mean-maximizer"]],"extinction_probability":0.06089645766251392,"partition":[[1,2,3],[4]],"p1":1}