{"center_matches":[[],[[0.9,"best"]],[[0.9,"best"]],[]],"alpha2":1,"mean_maximizer_complement_matches":[[0.10000170797607855,"mean-maximizer-complement"]],"delta":0.1,"centers":[0.6966514359756573,0.9,0.9,0.681141011843816],"beta2":3,"fecundity":4,"beta1":1,"alpha1":3,"mean_maximizer_matches":[[0.8999982920239215,"mean-maximizer"]],"extinction_probability":0.11051505784784514,"partition":[[1,2],[3,4]],"p1":0.975}