{"center_matches":[[],[],[],[]],"alpha2":15.0,"delta":0.1,"centers":[0.2488727823654462,0.7527761878728797,0.4359875820905353,0.6027807097783986],"beta2":15.0,"fecundity":4,"beta1":15.0,"alpha1":15.0,"mean_maximizer_matches":[[0.5,"best"],[0.5000000000042352,"mean-maximizer"]],"extinction_probability":3.660895194954147e-5,"partition":[[1,2,3,4]],"p1":1}