{"center_matches":[[],[],[],[]],"alpha2":3,"mean_maximizer_complement_matches":[[0.26596851666886157,"mean-maximizer-complement"]],"delta":0.1,"centers":[0.294988622283727,0.7334730755119729,0.28915764053816917,0.7337223177522957],"beta2":7,"fecundity":4,"beta1":3,"alpha1":7,"mean_maximizer_matches":[[0.7340314833311384,"mean-maximizer"]],"extinction_probability":0.7381470335784397,"partition":[[1,2],[3,4]],"p1":0.625}