{"centers":[0.7810673197736184,0.5792604142464853,0.7792833540889276,0.5807735542873164],"extinction_probability":0.43183668479394394,"beta2":4.0,"partition":[[1,4],[2,3]],"fecundity":4,"alpha2":2.0,"alpha1":4.0,"p1":0.8,"delta":0.1,"beta1":2.0}