{"center_matches":[[],[],[],[]],"alpha2":3,"mean_maximizer_complement_matches":[[0.26685670512382476,"mean-maximizer-complement"]],"delta":0.1,"centers":[0.28776468758619506,0.7332226167390611,0.2853055348871293,0.7349220041702184],"beta2":7,"fecundity":4,"beta1":3,"alpha1":7,"mean_maximizer_matches":[[0.7331432948761752,"mean-maximizer"]],"extinction_probability":0.7392404168899559,"partition":[[1,2],[3,4]],"p1":0.6}