{"centers":[0.7877844000124589,0.6434010835078978,0.5804937879627743,0.8465558886792979],"extinction_probability":0.14937548685702287,"beta2":4.0,"partition":[[1,3],[2,4]],"fecundity":4,"alpha2":2.0,"alpha1":4.0,"p1":1.0,"delta":0.1,"beta1":2.0}