{"center_matches":[[],[],[],[]],"alpha2":2,"mean_maximizer_complement_matches":[[0.26050374122718767,"mean-maximizer-complement"]],"delta":0.1,"centers":[0.6554156620393067,0.4561423767346488,0.8536056756732942,0.7556192972757056],"beta2":4,"fecundity":4,"beta1":2,"alpha1":4,"mean_maximizer_matches":[[0.7394962587728123,"mean-maximizer"]],"extinction_probability":0.14770213760871898,"partition":[[1,2,3],[4]],"p1":0.975}