{"alpha2":7.0,"delta":0.1,"centers":[0.7743544226636849,0.774353905661197,0.22564584442306138,0.22564628491670521],"beta2":23.0,"fecundity":4,"beta1":7.0,"alpha1":23.0,"mean_maximizer":0.7743539818370362,"extinction_probability":0.050145221789649676,"partition":[[1,3],[2,4]],"p1":0.5}