{"center_matches":[[],[],[],[]],"alpha2":7,"mean_maximizer_complement_matches":[[0.2256458494897502,"mean-maximizer-complement"]],"delta":0.1,"centers":[0.8127243650276348,0.8566186371123719,0.2033221099403611,0.6500193746349784],"beta2":23,"fecundity":4,"beta1":7,"alpha1":23,"mean_maximizer_matches":[[0.7743541505102498,"mean-maximizer"]],"extinction_probability":0.07393650378670778,"partition":[[1,2,3,4]],"p1":0.775}