{"center_matches":[[],[],[],[]],"alpha2":10,"mean_maximizer_complement_matches":[[0.6698819548079262,"mean-maximizer-complement"]],"delta":0.1,"centers":[0.4328694175507263,0.7729084207753802,0.6208918090018045,0.24270238517206605],"beta2":20,"fecundity":4,"beta1":10,"alpha1":20,"mean_maximizer_matches":[[0.33011804519207383,"mean-maximizer"]],"extinction_probability":0.01824982096410748,"partition":[[1,2,3,4]],"p1":0.6}