{"center_matches":[[],[],[],[]],"alpha2":1,"mean_maximizer_complement_matches":[[0.1667582061465651,"mean-maximizer-complement"]],"delta":0.1,"centers":[0.7905836624558167,0.8175500325252676,0.824030953097458,0.8090763234609113],"beta2":1.2,"fecundity":4,"beta1":1,"alpha1":1.2,"mean_maximizer_matches":[[0.8332417938534349,"mean-maximizer"]],"extinction_probability":0.9999890617883281,"partition":[[1],[2],[3],[4]],"p1":0.8}