{"center_matches":[[[0.9,"best"],[0.8999999999782409,"mean-maximizer"]],[],[[0.9,"best"],[0.8999999999782409,"mean-maximizer"]],[[0.1,"best"],[0.10000000002175913,"mean-maximizer-complement"]]],"alpha2":1,"mean_maximizer_complement_matches":[[0.1,"best"],[0.10000000002175913,"mean-maximizer-complement"]],"delta":0.1,"centers":[0.9,0.6991593028320221,0.9,0.1],"beta2":7.5,"fecundity":4,"beta1":1,"alpha1":7.5,"mean_maximizer_matches":[[0.9,"best"],[0.8999999999782409,"mean-maximizer"]],"extinction_probability":0.005743191857014238,"partition":[[1,2],[3,4]],"p1":0.975}