{"center_matches":[[[0.9,"best"],[0.9,"good"],[0.8999999999268903,"mean-maximizer"]],[[0.9,"best"],[0.9,"good"],[0.8999999999268903,"mean-maximizer"]],[[0.9,"best"],[0.9,"good"],[0.8999999999268903,"mean-maximizer"]],[[0.9,"best"],[0.9,"good"],[0.8999999999268903,"mean-maximizer"]]],"alpha2":0.4,"mean_maximizer_complement_matches":[[0.1,"good"],[0.1,"best"],[0.10000000007310972,"mean-maximizer-complement"]],"delta":0.1,"centers":[0.9,0.9,0.9,0.9],"beta2":0.6,"fecundity":4,"beta1":0.4,"alpha1":0.6,"mean_maximizer_matches":[[0.9,"best"],[0.9,"good"],[0.8999999999268903,"mean-maximizer"]],"extinction_probability":0.22575164391933783,"partition":[[1],[2],[3],[4]],"p1":0.95}