{"center_matches":[[[0.9,"best"]],[],[],[[0.9,"best"]]],"alpha2":1,"delta":0.1,"centers":[0.9,0.6795857247250412,0.6858521987915924,0.9],"beta2":2,"fecundity":4,"beta1":1,"alpha1":2,"extinction_probability":0.5181360858331858,"partition":[[1,2],[3,4]],"p1":0.925}