{"alpha2":0.95,"special_centers":[[0.9,0.1,0.8999981439780377,0.10000185602196232],["best","best","mean_max","mean_max_complement"]],"delta":0.1,"centers":[0.9,0.7103069023522703,0.1,0.1],"beta2":1.0,"fecundity":4,"beta1":0.95,"replaced_by":["N/A","N/A","N/A","N/A"],"alpha1":1.0,"extinction_probability":0.9999999999999891,"partition":[[1,2],[3,4]],"p1":0.7}