{"alpha2":3.0,"special_centers":[[0.5,0.5,0.5000000000003654,0.4999999999996346],["best","best","mean_max","mean_max_complement"]],"delta":0.1,"centers":[0.5001270239279031,0.5010031799940897,0.30013316799851847,0.7001243722413355],"beta2":3.0,"fecundity":4,"beta1":3.0,"replaced_by":["N/A","N/A","N/A","N/A"],"alpha1":3.0,"extinction_probability":0.22782063884224732,"partition":[[1,3,4],[2]],"p1":1.0}