{"center_matches":[[],[],[],[]],"alpha2":10,"mean_maximizer_complement_matches":[[0.6625720872015366,"mean-maximizer-complement"]],"delta":0.1,"centers":[0.6517880046113034,0.4962905779937759,0.27971327061060125,0.7807197235310774],"beta2":20,"fecundity":4,"beta1":10,"alpha1":20,"mean_maximizer_matches":[[0.33742791279846346,"mean-maximizer"]],"extinction_probability":0.02511814687351906,"partition":[[1,2,3,4]],"p1":0.8}