{"center_matches":[[],[],[],[]],"alpha2":10,"mean_maximizer_complement_matches":[[0.32714433083797567,"mean-maximizer-complement"]],"delta":0.1,"centers":[0.46281520603507503,0.7893526398702045,0.6225796731661754,0.27417339357064063],"beta2":20,"fecundity":4,"beta1":10,"alpha1":20,"mean_maximizer_matches":[[0.6728556691620243,"mean-maximizer"]],"extinction_probability":0.012680137022268065,"partition":[[1,2,3,4]],"p1":0.9}