{"center_matches":[[[0.5000000000574448,"mean-maximizer"],[0.4999999999425552,"mean-maximizer-complement"]],[[0.5000000000574448,"mean-maximizer"],[0.4999999999425552,"mean-maximizer-complement"]],[],[]],"alpha2":2,"mean_maximizer_complement_matches":[[0.5000000000574448,"mean-maximizer"],[0.4999999999425552,"mean-maximizer-complement"]],"delta":0.1,"centers":[0.4999999999425552,0.4999999999425552,0.4542413981826714,0.4333829436835849],"beta2":4,"fecundity":4,"beta1":2,"alpha1":4,"mean_maximizer_matches":[[0.5000000000574448,"mean-maximizer"],[0.4999999999425552,"mean-maximizer-complement"]],"extinction_probability":0.9999999999995607,"partition":[[1,2,3],[4]],"p1":0.5}