{"center_matches":[[],[[0.9,"best"]],[],[]],"alpha2":1,"delta":0.1,"centers":[0.6835841490511327,0.9,0.6972031282479907,0.898808441807927],"beta2":2,"fecundity":4,"beta1":1,"alpha1":2,"extinction_probability":0.3634503019542482,"partition":[[1,2],[3,4]],"p1":0.975}