{"center_matches":[[],[],[],[]],"alpha2":7,"mean_maximizer_complement_matches":[[0.22564580689572256,"mean-maximizer-complement"]],"delta":0.1,"centers":[0.7808037809260627,0.7410813135623749,0.2152252309047425,0.7783990851743641],"beta2":23,"fecundity":4,"beta1":7,"alpha1":23,"mean_maximizer_matches":[[0.7743541931042774,"mean-maximizer"]],"extinction_probability":0.017134854086662286,"partition":[[1],[2],[3],[4]],"p1":0.9}