{"alpha2":15.0,"special_centers":[[0.5,0.5,0.5000000000042352,0.49999999999576483],["best","best","mean_max","mean_max_complement"]],"delta":0.1,"centers":[0.5916917085213058,0.2094718179604697,0.7908208313335743,0.40938194344916395],"beta2":15.0,"fecundity":4,"beta1":15.0,"replaced_by":["N/A","N/A","N/A","N/A"],"alpha1":15.0,"extinction_probability":1.6747653594861425e-6,"partition":[[1,2,3,4]],"p1":1.0}