{"centers":[0.2492661847134912,0.5587303679238907,0.715388810743576,0.4189033460007257],"extinction_probability":0.00016918532322556914,"beta2":15.0,"partition":[[1,2,3,4]],"fecundity":4,"alpha2":15.0,"alpha1":15.0,"p1":1.0,"delta":0.1,"beta1":15.0}