{"center_matches":[[],[],[],[]],"alpha2":10,"mean_maximizer_complement_matches":[[0.6625720872015366,"mean-maximizer-complement"]],"delta":0.1,"centers":[0.8240725569614491,0.6935366472367779,0.49622269521247964,0.30116851337573775],"beta2":20,"fecundity":4,"beta1":10,"alpha1":20,"mean_maximizer_matches":[[0.33742791279846346,"mean-maximizer"]],"extinction_probability":0.02668341543315068,"partition":[[1,2,3,4]],"p1":0.8}