{"center_matches":[[],[],[],[]],"alpha2":7,"mean_maximizer_complement_matches":[[0.225645830902917,"mean-maximizer-complement"]],"delta":0.1,"centers":[0.20481454264582127,0.7373679214351867,0.7866080332056015,0.777920483572215],"beta2":23,"fecundity":4,"beta1":7,"alpha1":23,"mean_maximizer_matches":[[0.774354169097083,"mean-maximizer"]],"extinction_probability":0.040133752437218305,"partition":[[1,2],[3],[4]],"p1":0.825}