{"centers":[0.9000213348327264,0.9000081914309651,0.9000288500550913,0.9000481819917502],"extinction_probability":3.581202456980771e-5,"beta2":1.0,"partition":[[1],[2],[3],[4]],"fecundity":4,"alpha2":0.05,"alpha1":1.0,"p1":1.0,"delta":0.1,"beta1":0.05}