{"center_matches":[[],[],[[0.2256460181636808,"mean-maximizer-complement"]],[[0.2256460181636808,"mean-maximizer-complement"]]],"alpha2":7,"mean_maximizer_complement_matches":[[0.2256460181636808,"mean-maximizer-complement"]],"delta":0.1,"centers":[0.22564585259549103,0.7743547179822252,0.2256460181636808,0.2256460181636808],"beta2":23,"fecundity":4,"beta1":7,"alpha1":23,"mean_maximizer_matches":[[0.7743539818363192,"mean-maximizer"]],"extinction_probability":0.050145221791501646,"partition":[[1,2],[3,4]],"p1":0.5}