{"center_matches":[[],[],[],[]],"alpha2":3,"mean_maximizer_complement_matches":[[0.7265427833401565,"mean-maximizer-complement"]],"delta":0.1,"centers":[0.2758010611203341,0.7296079577193005,0.27359743793036007,0.7292636466782172],"beta2":7,"fecundity":4,"beta1":3,"alpha1":7,"mean_maximizer_matches":[[0.2734572166598435,"mean-maximizer"]],"extinction_probability":0.7420874351284481,"partition":[[1,2],[3,4]],"p1":0.525}