{"center_matches":[[[0.2256460181636808,"mean-maximizer-complement"]],[[0.2256460181636808,"mean-maximizer-complement"]],[],[]],"alpha2":7,"mean_maximizer_complement_matches":[[0.2256460181636808,"mean-maximizer-complement"]],"delta":0.1,"centers":[0.2256460181636808,0.2256460181636808,0.22564677333932426,0.7743526463965147],"beta2":23,"fecundity":4,"beta1":7,"alpha1":23,"mean_maximizer_matches":[[0.7743539818363192,"mean-maximizer"]],"extinction_probability":0.05014522180239535,"partition":[[1,2],[3,4]],"p1":0.5}