{"alpha2":2.0,"special_centers":[[0.7410581299314839,0.2589418700639356,0.7238380311767622,0.27616196882323785],["best","best","mean_max","mean_max_complement"]],"delta":0.1,"centers":[0.5822467729170689,0.7806502735683262,0.56206810670967,0.7655660465645721],"beta2":4.0,"fecundity":4,"beta1":2.0,"replaced_by":["N/A","N/A","N/A","N/A"],"alpha1":4.0,"extinction_probability":0.4337709009644479,"partition":[[1,2],[3,4]],"p1":0.8}