{"alpha2":0.4,"special_centers":[[0.9,0.1],["best","best"]],"delta":0.1,"centers":[0.42209456108545873,0.1,0.6960688449337233,0.9],"beta2":0.6,"fecundity":4,"beta1":0.4,"replaced_by":["N/A","N/A","N/A","N/A"],"alpha1":0.6,"extinction_probability":3.8827861160285146e-66,"partition":[[1,2,3,4]],"p1":0.7}