{"center_matches":[[[0.7282650936704974,"mean-maximizer-complement"]],[[0.7282650936704974,"mean-maximizer-complement"]],[],[]],"alpha2":3,"mean_maximizer_complement_matches":[[0.7282650936704974,"mean-maximizer-complement"]],"delta":0.1,"centers":[0.7282650936704974,0.7282650936704974,0.2717347280745599,0.7282649924555002],"beta2":7,"fecundity":4,"beta1":3,"alpha1":7,"mean_maximizer_matches":[[0.2717349063295026,"mean-maximizer"]],"extinction_probability":0.7429702128581155,"partition":[[1,2],[3,4]],"p1":0.5}