{"center_matches":[[],[],[],[]],"alpha2":1,"mean_maximizer_complement_matches":[[0.37913898725272466,"mean-maximizer-complement"]],"delta":0.1,"centers":[0.6121131009749432,0.4264738155602922,0.49079361622420486,0.7995017856503486],"beta2":1.2,"fecundity":4,"beta1":1,"alpha1":1.2,"mean_maximizer_matches":[[0.6208610127472753,"mean-maximizer"]],"extinction_probability":0.9999999999999958,"partition":[[1,2,3],[4]],"p1":0.6}