{"center_matches":[[],[],[],[]],"alpha2":3,"mean_maximizer_complement_matches":[[0.2616819098760751,"mean-maximizer-complement"]],"delta":0.1,"centers":[0.5899491894329487,0.7899544769416164,0.7895440524933902,0.5895593046844703],"beta2":7,"fecundity":4,"beta1":3,"alpha1":7,"mean_maximizer_matches":[[0.7383180901239249,"mean-maximizer"]],"extinction_probability":0.3076272554965785,"partition":[[1,2],[3,4]],"p1":0.8}