{"centers":[0.9000000024765182,0.9000000005462234,0.09999999975072835,0.09999999922082022],"extinction_probability":0.023447488238997758,"beta2":0.9,"partition":[[1,3],[2,4]],"fecundity":4,"alpha2":0.1,"alpha1":0.9,"p1":0.5,"delta":0.1,"beta1":0.1}