{"center_matches":[[],[],[[0.9,"best"]],[]],"alpha2":1,"mean_maximizer_complement_matches":[[0.13202449335736122,"mean-maximizer-complement"]],"delta":0.1,"centers":[0.771054787703533,0.5406607725440279,0.9,0.7568410554854166],"beta2":1.8,"fecundity":4,"beta1":1,"alpha1":1.8,"mean_maximizer_matches":[[0.8679755066426388,"mean-maximizer"]],"extinction_probability":0.998319258619755,"partition":[[1,2,3],[4]],"p1":0.6}