{"center_matches":[[],[[0.9,"best"],[0.8999999999782408,"mean-maximizer"]],[[0.9,"best"],[0.8999999999782408,"mean-maximizer"]],[[0.9,"best"],[0.8999999999782408,"mean-maximizer"]]],"alpha2":1,"mean_maximizer_complement_matches":[[0.1,"best"],[0.10000000002175924,"mean-maximizer-complement"]],"delta":0.1,"centers":[0.10043941216792475,0.9,0.9,0.9],"beta2":7.5,"fecundity":4,"beta1":1,"alpha1":7.5,"mean_maximizer_matches":[[0.9,"best"],[0.8999999999782408,"mean-maximizer"]],"extinction_probability":0.020967960536567225,"partition":[[1],[2],[3],[4]],"p1":0.85}