{"center_matches":[[],[],[],[]],"alpha2":3,"mean_maximizer_complement_matches":[[0.7282650936704974,"mean-maximizer-complement"]],"delta":0.1,"centers":[0.2703743582861216,0.7262377190422602,0.7280181791055135,0.27164573295949507],"beta2":7,"fecundity":4,"beta1":3,"alpha1":7,"mean_maximizer_matches":[[0.2717349063295026,"mean-maximizer"]],"extinction_probability":0.74248697145939,"partition":[[1,2],[3,4]],"p1":0.5}