{"center_matches":[[[0.9,"best"],[0.899999998014031,"mean-maximizer"]],[[0.9,"best"],[0.899999998014031,"mean-maximizer"]],[[0.9,"best"],[0.899999998014031,"mean-maximizer"]],[[0.9,"best"],[0.899999998014031,"mean-maximizer"]]],"alpha2":0.09999999999999998,"delta":0.1,"centers":[0.9,0.9,0.9,0.9],"beta2":0.9,"fecundity":4,"beta1":0.09999999999999998,"alpha1":0.9,"mean_maximizer_matches":[[0.9,"best"],[0.899999998014031,"mean-maximizer"]],"extinction_probability":0.0006810730283383621,"partition":[[1],[2],[3],[4]],"p1":1.0}