{"center_matches":[[],[],[],[]],"alpha2":3,"mean_maximizer_complement_matches":[[0.2592123112353546,"mean-maximizer-complement"]],"delta":0.1,"centers":[0.6509222762143898,0.8479489075931974,0.4625099633992554,0.7603126153109608],"beta2":7,"fecundity":4,"beta1":3,"alpha1":7,"mean_maximizer_matches":[[0.7407876887646454,"mean-maximizer"]],"extinction_probability":0.039708952594288374,"partition":[[1,2,3],[4]],"p1":0.975}