{"center_matches":[[[0.9,"best"],[0.8999999995748037,"mean-maximizer"]],[[0.1,"best"],[0.1000000004251963,"mean-maximizer-complement"]],[],[[0.9,"best"],[0.8999999995748037,"mean-maximizer"]]],"alpha2":0.05,"mean_maximizer_complement_matches":[[0.1,"best"],[0.1000000004251963,"mean-maximizer-complement"]],"delta":0.1,"centers":[0.9,0.1,0.3186394582757435,0.9],"beta2":1,"fecundity":4,"beta1":0.05,"alpha1":1,"mean_maximizer_matches":[[0.9,"best"],[0.8999999995748037,"mean-maximizer"]],"extinction_probability":0.008642386699759868,"partition":[[1,2,3],[4]],"p1":0.825}