{"center_matches":[[[0.9,"best"]],[],[],[[0.9,"best"]]],"alpha2":1,"delta":0.1,"centers":[0.9,0.7530004042620587,0.5839666149510836,0.9],"beta2":2,"fecundity":4,"beta1":1,"alpha1":2,"extinction_probability":0.9265652734359126,"partition":[[1,2,3],[4]],"p1":0.8}