{"centers":[0.9000000070573788,0.900000005343441,0.900000000046,0.7000000040419193],"extinction_probability":0.0026962998084913516,"beta2":0.9,"partition":[[1],[2,4],[3]],"fecundity":4,"alpha2":0.1,"alpha1":0.9,"p1":1.0,"delta":0.1,"beta1":0.1}