{"center_matches":[[[0.9,"best"]],[],[],[]],"alpha2":1,"delta":0.1,"centers":[0.9,0.7177472671853824,0.7033053668682895,0.8993225572918622],"beta2":2,"fecundity":4,"beta1":1,"alpha1":2,"extinction_probability":0.8553298730633995,"partition":[[1,2],[3,4]],"p1":0.825}