{"centers":[0.9799537867354915,0.4945064969824813,0.8362637293307504,0.8530001013230271],"extinction_probability":0.9999999999999971,"beta2":1.2,"partition":[[1,4],[2],[3]],"fecundity":4,"alpha2":1.0,"alpha1":1.2,"p1":1.0,"delta":0.1,"beta1":1.0}