{"center_matches":[[],[],[[0.265160193745119,"mean-maximizer-complement"]],[[0.265160193745119,"mean-maximizer-complement"]]],"alpha2":1,"mean_maximizer_complement_matches":[[0.265160193745119,"mean-maximizer-complement"]],"delta":0.1,"centers":[0.5853965556190573,0.7853627555215825,0.265160193745119,0.265160193745119],"beta2":1.2,"fecundity":4,"beta1":1,"alpha1":1.2,"mean_maximizer_matches":[[0.734839806254881,"mean-maximizer"]],"extinction_probability":0.9999999999999757,"partition":[[1,2],[3],[4]],"p1":0.7}