{"centers":[0.900000000025161,0.9000000000824089,0.9000000000772216,0.9000000000075582],"extinction_probability":0.27480784330164476,"beta2":0.6,"partition":[[1],[2],[3],[4]],"fecundity":4,"alpha2":0.4,"alpha1":0.6,"p1":0.9,"delta":0.1,"beta1":0.4}