{"center_matches":[[],[],[],[]],"alpha2":2,"mean_maximizer_complement_matches":[[0.30462522758263344,"mean-maximizer-complement"]],"delta":0.1,"centers":[0.47477269815455414,0.675305514560087,0.49603029750266714,0.6829959714971399],"beta2":4,"fecundity":4,"beta1":2,"alpha1":4,"mean_maximizer_matches":[[0.6953747724173666,"mean-maximizer"]],"extinction_probability":0.8413214098818458,"partition":[[1,2],[3,4]],"p1":0.65}