{"center_matches":[[],[],[],[]],"alpha2":2,"mean_maximizer_complement_matches":[[0.2831487521797055,"mean-maximizer-complement"]],"delta":0.1,"centers":[0.5262411803964733,0.7158784353813838,0.48976564597192973,0.6992677336681887],"beta2":4,"fecundity":4,"beta1":2,"alpha1":4,"mean_maximizer_matches":[[0.7168512478202945,"mean-maximizer"]],"extinction_probability":0.6426039027756195,"partition":[[1,2],[3,4]],"p1":0.75}