{"center_matches":[[],[],[],[]],"alpha2":2,"mean_maximizer_complement_matches":[[0.32309287135500553,"mean-maximizer-complement"]],"delta":0.1,"centers":[0.6325940166401075,0.4216581188502411,0.5705415802927251,0.623660804658425],"beta2":4,"fecundity":4,"beta1":2,"alpha1":4,"mean_maximizer_matches":[[0.6769071286449945,"mean-maximizer"]],"extinction_probability":0.910862512701752,"partition":[[1,2],[3],[4]],"p1":0.6}