{"center_matches":[[],[],[],[]],"alpha2":1,"mean_maximizer_complement_matches":[[0.37913898725272466,"mean-maximizer-complement"]],"delta":0.1,"centers":[0.6909027564673552,0.6631774236842398,0.6021588662776949,0.6324585881070015],"beta2":1.2,"fecundity":4,"beta1":1,"alpha1":1.2,"mean_maximizer_matches":[[0.6208610127472753,"mean-maximizer"]],"extinction_probability":0.9999994681782968,"partition":[[1],[2],[3],[4]],"p1":0.6}