{"centers":[0.27105606819023187,0.794123134037515,0.7566011264209461,0.3323002547362625],"extinction_probability":0.9999999999999978,"beta2":1.0,"partition":[[1],[2,3],[4]],"fecundity":4,"alpha2":0.95,"alpha1":1.0,"p1":0.6,"delta":0.1,"beta1":0.95}