{"center_matches":[[],[],[],[]],"alpha2":2,"mean_maximizer_complement_matches":[[0.2705848743085143,"mean-maximizer-complement"]],"delta":0.1,"centers":[0.5419224369564957,0.771558077564266,0.5372091235827858,0.7531290991377163],"beta2":4,"fecundity":4,"beta1":2,"alpha1":4,"mean_maximizer_matches":[[0.7294151256914857,"mean-maximizer"]],"extinction_probability":0.4258741171143926,"partition":[[1,2],[3,4]],"p1":0.85}