{"center_matches":[[],[[0.9,"best"],[0.9,"good"],[0.8999999999106871,"mean-maximizer"]],[],[[0.1,"good"],[0.1,"best"],[0.10000000008931287,"mean-maximizer-complement"]]],"alpha2":0.4,"mean_maximizer_complement_matches":[[0.1,"good"],[0.1,"best"],[0.10000000008931287,"mean-maximizer-complement"]],"delta":0.1,"centers":[0.6389382404349793,0.9,0.2996561894475332,0.1],"beta2":0.6,"fecundity":4,"beta1":0.4,"alpha1":0.6,"mean_maximizer_matches":[[0.9,"best"],[0.9,"good"],[0.8999999999106871,"mean-maximizer"]],"extinction_probability":1.2976711639125066e-63,"partition":[[1,2,3,4]],"p1":0.5}