{"centers":[0.9000017629891726,0.09998724808267355,0.09999349610648099,0.900015314586552],"extinction_probability":0.2465698229936708,"beta2":0.8,"partition":[[1,2],[3,4]],"fecundity":4,"alpha2":0.3,"alpha1":0.8,"p1":0.5,"delta":0.1,"beta1":0.3}