{"centers":[0.09761100740406423,0.09931614882198436,0.9,0.9011140068727201],"extinction_probability":0.24964088741707083,"beta2":0.8,"partition":[[1,4],[2,3]],"fecundity":4,"alpha2":0.3,"alpha1":0.8,"p1":0.5,"delta":0.1,"beta1":0.3}