{"centers":[0.9011303420902111,0.9043285361116586,0.09137081291236704,0.08419058109307845],"extinction_probability":0.2696513729452446,"beta2":0.8,"partition":[[1,3],[2,4]],"fecundity":4,"alpha2":0.3,"alpha1":0.8,"p1":0.5,"delta":0.1,"beta1":0.3}