{"center_matches":[[],[],[[0.22564589492342513,"mean-maximizer-complement"]],[[0.22564589492342513,"mean-maximizer-complement"]]],"alpha2":7,"mean_maximizer_complement_matches":[[0.22564589492342513,"mean-maximizer-complement"]],"delta":0.1,"centers":[0.7743537008574429,0.22564561755261875,0.22564589492342513,0.22564589492342513],"beta2":23,"fecundity":4,"beta1":7,"alpha1":23,"mean_maximizer_matches":[[0.7743541050765749,"mean-maximizer"]],"extinction_probability":0.05014522179060105,"partition":[[1,2],[3,4]],"p1":0.675}