{"center_matches":[[],[],[],[]],"alpha2":10,"mean_maximizer_complement_matches":[[0.6710141289224111,"mean-maximizer-complement"]],"delta":0.1,"centers":[0.7338589978633899,0.33009282485032665,0.5350605669268386,0.3272166216911808],"beta2":20,"fecundity":4,"beta1":10,"alpha1":20,"mean_maximizer_matches":[[0.3289858710775889,"mean-maximizer"]],"extinction_probability":0.059593997856384924,"partition":[[1,2,3],[4]],"p1":0.5}