{"center_matches":[[],[],[],[]],"alpha2":3,"delta":0.1,"centers":[0.5326887280273568,0.332688833776197,0.7326848818704887,0.889195119472072],"beta2":7,"fecundity":4,"beta1":3,"alpha1":7,"mean_maximizer_matches":[[0.7410581299358594,"best"],[0.7410581299373927,"mean-maximizer"]],"extinction_probability":0.00868895465616201,"partition":[[1,2,3,4]],"p1":1.0}