{"center_matches":[[],[],[],[]],"alpha2":2,"mean_maximizer_complement_matches":[[0.27616196882323785,"mean-maximizer-complement"]],"delta":0.1,"centers":[0.7776302540530656,0.5776289952585769,0.5815406068750154,0.7815334398530057],"beta2":4,"fecundity":4,"beta1":2,"alpha1":4,"mean_maximizer_matches":[[0.7238380311767622,"mean-maximizer"]],"extinction_probability":0.4316886996973595,"partition":[[1,2],[3,4]],"p1":0.8}