{"alpha2":3.0,"special_centers":[[0.7410581299358594,0.25894187005911873,0.7362046091495255,0.26379539085047454],["best","best","mean_max","mean_max_complement"]],"delta":0.1,"centers":[0.7313903826982995,0.27621596750861377,0.7342332317265672,0.7342333554685806],"beta2":7.0,"fecundity":4,"beta1":3.0,"replaced_by":["N/A","N/A","N/A","N/A"],"alpha1":7.0,"extinction_probability":0.4824843025689789,"partition":[[1,2],[3],[4]],"p1":0.7}