{"center_matches":[[],[],[],[]],"alpha2":7,"mean_maximizer_complement_matches":[[0.2256458494897502,"mean-maximizer-complement"]],"delta":0.1,"centers":[0.7743527862527237,0.22564697133263711,0.7743553791558888,0.225649335405719],"beta2":23,"fecundity":4,"beta1":7,"alpha1":23,"mean_maximizer_matches":[[0.7743541505102498,"mean-maximizer"]],"extinction_probability":0.05014522181357056,"partition":[[1,2],[3,4]],"p1":0.775}