{"center_matches":[[],[],[],[]],"alpha2":3.0,"delta":0.1,"centers":[0.3956655733404364,0.6006194064026071,0.3792481653939156,0.5833405415490386],"beta2":3.0,"fecundity":4,"beta1":3.0,"alpha1":3.0,"mean_maximizer_matches":[[0.5,"best"],[0.5000000000003654,"mean-maximizer"]],"extinction_probability":0.23773554152408047,"partition":[[1,2],[3,4]],"p1":1}