{"center_matches":[[],[],[],[]],"alpha2":2,"mean_maximizer_complement_matches":[[0.2732268149677014,"mean-maximizer-complement"]],"delta":0.1,"centers":[0.5963886475750066,0.39157352042318105,0.7969469460278648,0.6834984474183211],"beta2":4,"fecundity":4,"beta1":2,"alpha1":4,"mean_maximizer_matches":[[0.7267731850322986,"mean-maximizer"]],"extinction_probability":0.48584955855254014,"partition":[[1,2,3],[4]],"p1":0.825}