{"centers":[0.6210353347850766,0.7941306959055459,0.818004433269302,0.6181137721270866],"extinction_probability":0.1642147434880039,"beta2":7.0,"partition":[[1,3],[2,4]],"fecundity":4,"alpha2":3.0,"alpha1":7.0,"p1":0.9,"delta":0.1,"beta1":3.0}