{"centers":[0.7567992219390307,0.5593650801878238,0.7594179019715713,0.5567825159332134],"extinction_probability":0.6224139064280314,"beta2":4.0,"partition":[[1,4],[2,3]],"fecundity":4,"alpha2":2.0,"alpha1":4.0,"p1":0.7,"delta":0.1,"beta1":2.0}