{"center_matches":[[[0.9,"best"],[0.9,"good"],[0.8999999981517505,"mean-maximizer"]],[[0.1,"good"],[0.1,"best"],[0.10000000184824953,"mean-maximizer-complement"]],[[0.1,"good"],[0.1,"best"],[0.10000000184824953,"mean-maximizer-complement"]],[[0.9,"best"],[0.9,"good"],[0.8999999981517505,"mean-maximizer"]]],"alpha2":0.09999999999999998,"mean_maximizer_complement_matches":[[0.1,"good"],[0.1,"best"],[0.10000000184824953,"mean-maximizer-complement"]],"delta":0.1,"centers":[0.9,0.1,0.1,0.9],"beta2":0.9,"fecundity":4,"beta1":0.09999999999999998,"alpha1":0.9,"mean_maximizer_matches":[[0.9,"best"],[0.9,"good"],[0.8999999981517505,"mean-maximizer"]],"extinction_probability":0.023447488004163,"partition":[[1,2],[3,4]],"p1":0.75}