{"centers":[0.7027346623564268,0.9035779814258355,0.12787236620742748,0.9274492464888434],"extinction_probability":0.37243808041375825,"beta2":5.0,"partition":[[1,3,4],[2]],"fecundity":4,"alpha2":1.0,"alpha1":5.0,"p1":0.7,"delta":0.1,"beta1":1.0}