{"centers":[0.09999999998746821,0.09999999991047162,0.9000000000455545,0.9000000001029704],"extinction_probability":0.23685679292100925,"beta2":5.0,"partition":[[1,3],[2,4]],"fecundity":4,"alpha2":1.0,"alpha1":5.0,"p1":0.6,"delta":0.1,"beta1":1.0}