{"center_matches":[[],[],[],[]],"alpha2":3,"mean_maximizer_complement_matches":[[0.25980498058003243,"mean-maximizer-complement"]],"delta":0.1,"centers":[0.6146024062305757,0.4232798851794505,0.8145434625893125,0.7754698208282031],"beta2":7,"fecundity":4,"beta1":3,"alpha1":7,"mean_maximizer_matches":[[0.7401950194199676,"mean-maximizer"]],"extinction_probability":0.1615666563154655,"partition":[[1,2,3],[4]],"p1":0.925}