{"center_matches":[[[0.9,"best"]],[],[],[[0.9,"best"]]],"alpha2":1,"mean_maximizer_complement_matches":[[0.10000444672854603,"mean-maximizer-complement"]],"delta":0.1,"centers":[0.9,0.6982786675403871,0.7015459824858546,0.9],"beta2":1.8,"fecundity":4,"beta1":1,"alpha1":1.8,"mean_maximizer_matches":[[0.899995553271454,"mean-maximizer"]],"extinction_probability":0.7131322130005278,"partition":[[1,2],[3,4]],"p1":0.9}