{"centers":[0.2913358714051161,0.8051881738950328,0.535709222777461,0.8484081334368163],"extinction_probability":0.9999999999999973,"beta2":1.0,"partition":[[1],[2,4],[3]],"fecundity":4,"alpha2":0.95,"alpha1":1.0,"p1":0.9,"delta":0.1,"beta1":0.95}