{"center_matches":[[[0.9,"best"]],[],[],[[0.9,"best"]]],"alpha2":1,"mean_maximizer_complement_matches":[[0.10000172105146032,"mean-maximizer-complement"]],"delta":0.1,"centers":[0.9,0.504595888889228,0.699730374125707,0.9],"beta2":3,"fecundity":4,"beta1":1,"alpha1":3,"mean_maximizer_matches":[[0.8999982789485397,"mean-maximizer"]],"extinction_probability":0.18808008773386978,"partition":[[1,2,3],[4]],"p1":0.95}