{"centers":[0.883071903560788,0.7259141673668803,0.8084836039035475,0.3824137254564657],"extinction_probability":0.9999999999999972,"beta2":1.2,"partition":[[1],[2,3],[4]],"fecundity":4,"alpha2":1.0,"alpha1":1.2,"p1":0.8,"delta":0.1,"beta1":1.0}