{"centers":[0.9000000188006009,0.9000000982433236,0.9000000576275761,0.9000001830633101],"extinction_probability":0.3437548057585127,"beta2":0.6,"partition":[[1],[2],[3],[4]],"fecundity":4,"alpha2":0.4,"alpha1":0.6,"p1":0.8,"delta":0.1,"beta1":0.4}