{"alpha2":10.0,"special_centers":[[0.673072453628208,0.3269275463688894,0.6728556691620243,0.32714433083797567],["best","best","mean_max","mean_max_complement"]],"delta":0.1,"centers":[0.5194840747738569,0.3194834472638134,0.7194841311184723,0.6727069048012124],"beta2":20.0,"fecundity":4,"beta1":10.0,"replaced_by":["N/A","N/A","N/A","N/A"],"alpha1":20.0,"extinction_probability":0.021071093988107907,"partition":[[1,2,3],[4]],"p1":0.9}