{"center_matches":[[],[],[],[]],"alpha2":3,"mean_maximizer_complement_matches":[[0.2601306619903049,"mean-maximizer-complement"]],"delta":0.1,"centers":[0.7559720516930085,0.8365279051621721,0.36330215426166024,0.5615565752308483],"beta2":7,"fecundity":4,"beta1":3,"alpha1":7,"mean_maximizer_matches":[[0.7398693380096951,"mean-maximizer"]],"extinction_probability":0.20234993277091626,"partition":[[1,2,3,4]],"p1":0.9}