{"centers":[0.22564740898917612,0.22564743652407077,0.7743530116649686,0.7743529369391299],"extinction_probability":0.050145221828907474,"beta2":23.0,"partition":[[1,3],[2,4]],"fecundity":4,"alpha2":7.0,"alpha1":23.0,"p1":0.5,"delta":0.1,"beta1":7.0}