{"center_matches":[[],[],[],[]],"alpha2":2,"mean_maximizer_complement_matches":[[0.2873648534707034,"mean-maximizer-complement"]],"delta":0.1,"centers":[0.5053995926468897,0.7177491345724221,0.5580592746818531,0.6708924515589577],"beta2":4,"fecundity":4,"beta1":2,"alpha1":4,"mean_maximizer_matches":[[0.7126351465292966,"mean-maximizer"]],"extinction_probability":0.7193669862194451,"partition":[[1,2],[3],[4]],"p1":0.725}