{"centers":[0.09999999999999998,0.9162546419874299,0.09999999999999998,0.9],"extinction_probability":0.00527700451781968,"beta2":1.0,"partition":[[1,4],[2,3]],"fecundity":4,"alpha2":0.05,"alpha1":1.0,"p1":0.7,"delta":0.1,"beta1":0.05}