{"alpha2":0.1,"special_centers":[[0.9,0.1,0.1,0.9,0.8999999976663464,0.10000000233365358],["best","good","best","good","mean_max","mean_max_complement"]],"delta":0.1,"centers":[0.10000000233365358,0.9,0.1,0.9],"beta2":0.9,"fecundity":4,"beta1":0.1,"replaced_by":["best","N/A","N/A","N/A"],"alpha1":0.9,"extinction_probability":0.023447488004163,"partition":[[1,2],[3,4]],"p1":0.5}