{"center_matches":[[],[],[],[]],"alpha2":7,"mean_maximizer_complement_matches":[[0.22564585971195794,"mean-maximizer-complement"]],"delta":0.1,"centers":[0.7743557851737327,0.22565000045884154,0.22564533157404312,0.7743538600489268],"beta2":23,"fecundity":4,"beta1":7,"alpha1":23,"mean_maximizer_matches":[[0.7743541402880421,"mean-maximizer"]],"extinction_probability":0.05014530366166079,"partition":[[1,2],[3],[4]],"p1":0.75}