{"centers":[0.3048305568675141,0.8971643475790967,0.5048190415687599,0.7042315530279698],"extinction_probability":5.658083604520655e-10,"beta2":23.0,"partition":[[1,2,3,4]],"fecundity":4,"alpha2":7.0,"alpha1":23.0,"p1":1.0,"delta":0.1,"beta1":7.0}