{"center_matches":[[],[],[],[]],"alpha2":3,"mean_maximizer_complement_matches":[[0.25949947554141584,"mean-maximizer-complement"]],"delta":0.1,"centers":[0.571013803409236,0.728545980371492,0.36976899174272626,0.8549180454283536],"beta2":7,"fecundity":4,"beta1":3,"alpha1":7,"mean_maximizer_matches":[[0.7405005244585842,"mean-maximizer"]],"extinction_probability":0.10729015066754016,"partition":[[1,2,3,4]],"p1":0.95}