{"centers":[0.9000012363675542,0.9000017775297302,0.09999918681561049,0.09999932114762689],"extinction_probability":0.41149236944996725,"beta2":0.6,"partition":[[1,4],[2,3]],"fecundity":4,"alpha2":0.4,"alpha1":0.6,"p1":0.6,"delta":0.1,"beta1":0.4}