{"center_matches":[[],[],[],[]],"alpha2":1,"delta":0.1,"centers":[0.7692721755460407,0.8891332522397943,0.784509506237856,0.5542251723142084],"beta2":2,"fecundity":4,"beta1":1,"alpha1":2,"extinction_probability":0.9913903331710118,"partition":[[1,2,3,4]],"p1":0.725}