{"alpha2":7.0,"special_centers":[[0.7743542195106665,0.2256457804841056,0.77435416009406,0.22564583990594],["best","best","mean_max","mean_max_complement"]],"delta":0.1,"centers":[0.22564583990594,0.22564583990594,0.22564665348389518,0.7743540338266851],"beta2":23.0,"fecundity":4,"beta1":7.0,"replaced_by":["mean_max_complement","mean_max","N/A","N/A"],"alpha1":23.0,"extinction_probability":0.05014522178644009,"partition":[[1,2],[3,4]],"p1":0.8}