{"centers":[0.7282652219714152,0.2717294444068161,0.7282623736371456,0.2717372388934033],"extinction_probability":0.7429702133755174,"beta2":7.0,"partition":[[1,2],[3,4]],"fecundity":4,"alpha2":3.0,"alpha1":7.0,"p1":0.5,"delta":0.1,"beta1":3.0}