{"centers":[0.60551164903276,0.6786540450084508,0.4488631559801992,0.6510429397385603],"extinction_probability":0.9999999999999964,"beta2":1.8,"partition":[[1],[2],[3],[4]],"fecundity":4,"alpha2":1.0,"alpha1":1.8,"p1":0.6,"delta":0.1,"beta1":1.0}