{"center_matches":[[[0.2256458706395319,"mean-maximizer-complement"]],[[0.2256458706395319,"mean-maximizer-complement"]],[],[]],"alpha2":7,"mean_maximizer_complement_matches":[[0.2256458706395319,"mean-maximizer-complement"]],"delta":0.1,"centers":[0.2256458706395319,0.2256458706395319,0.22564481031567277,0.7743532432109478],"beta2":23,"fecundity":4,"beta1":7,"alpha1":23,"mean_maximizer_matches":[[0.7743541293604681,"mean-maximizer"]],"extinction_probability":0.050145221803780435,"partition":[[1,2],[3,4]],"p1":0.725}