{"center_matches":[[],[],[],[]],"alpha2":10,"mean_maximizer_complement_matches":[[0.32708546961520935,"mean-maximizer-complement"]],"delta":0.1,"centers":[0.569727843828366,0.7533770388710949,0.3207891971546508,0.6752633960551212],"beta2":20,"fecundity":4,"beta1":10,"alpha1":20,"mean_maximizer_matches":[[0.6729145303847907,"mean-maximizer"]],"extinction_probability":0.021322172839216683,"partition":[[1,2],[3,4]],"p1":0.925}