{"alpha2":3.0,"special_centers":[[0.7410581299358594,0.25894187005911873,0.7410581299373927,0.25894187006260727],["best","best","mean_max","mean_max_complement"]],"delta":0.1,"centers":[0.5348876808104437,0.7348876742417063,0.33488768091511417,0.8901181969061134],"beta2":7.0,"fecundity":4,"beta1":3.0,"replaced_by":["N/A","N/A","N/A","N/A"],"alpha1":7.0,"extinction_probability":0.00858243991582296,"partition":[[1,2,3,4]],"p1":1.0}