{"centers":[0.008688966280280153,0.3542033496892233,0.1552042990505378,0.14905717886067749],"extinction_probability":0.9999999999999977,"beta2":1.2,"partition":[[1,4],[2,3]],"fecundity":4,"alpha2":1.0,"alpha1":1.2,"p1":0.6,"delta":0.1,"beta1":1.0}