{"center_matches":[[],[],[],[]],"alpha2":3,"mean_maximizer_complement_matches":[[0.2644500247200998,"mean-maximizer-complement"]],"delta":0.1,"centers":[0.7203267924388883,0.2639392574488436,0.7214461612775767,0.7194902956492056],"beta2":7,"fecundity":4,"beta1":3,"alpha1":7,"mean_maximizer_matches":[[0.7355499752799002,"mean-maximizer"]],"extinction_probability":0.6024989021565489,"partition":[[1,2],[3],[4]],"p1":0.675}