{"center_matches":[[],[],[],[]],"alpha2":2,"mean_maximizer_complement_matches":[[0.2873648534707034,"mean-maximizer-complement"]],"delta":0.1,"centers":[0.5352265479201963,0.714989349216856,0.49033403530620845,0.6724166715156328],"beta2":4,"fecundity":4,"beta1":2,"alpha1":4,"mean_maximizer_matches":[[0.7126351465292966,"mean-maximizer"]],"extinction_probability":0.7250522315931914,"partition":[[1,2],[3,4]],"p1":0.725}