{"alpha2":0.95,"special_centers":[[0.9,0.1,0.8999988628287116,0.10000113717128845],["best","best","mean_max","mean_max_complement"]],"delta":0.1,"centers":[0.6973838010095164,0.3143448609596472,0.14923019903217238,0.8438811184768212],"beta2":1.0,"fecundity":4,"beta1":0.95,"replaced_by":["N/A","N/A","N/A","N/A"],"alpha1":1.0,"extinction_probability":0.9999999999999835,"partition":[[1,4],[2,3]],"p1":0.9}