{"center_matches":[[],[],[],[]],"alpha2":3,"mean_maximizer_complement_matches":[[0.26047861194333755,"mean-maximizer-complement"]],"delta":0.1,"centers":[0.3838125941984458,0.5917173642631561,0.7898324328548356,0.7084175750125405],"beta2":7,"fecundity":4,"beta1":3,"alpha1":7,"mean_maximizer_matches":[[0.7395213880566625,"mean-maximizer"]],"extinction_probability":0.25010656728533315,"partition":[[1,2,3],[4]],"p1":0.875}