{"center_matches":[[[0.9,"best"]],[],[[0.9,"best"]],[[0.10000185602196232,"mean-maximizer-complement"]]],"alpha2":0.95,"mean_maximizer_complement_matches":[[0.10000185602196232,"mean-maximizer-complement"]],"delta":0.1,"centers":[0.9,0.7008098096316442,0.9,0.10000185602196232],"beta2":1,"fecundity":4,"beta1":0.95,"alpha1":1,"mean_maximizer_matches":[[0.8999981439780377,"mean-maximizer"]],"extinction_probability":0.9999999999999931,"partition":[[1,2,3],[4]],"p1":0.7}