{"center_matches":[[],[],[],[]],"alpha2":3,"mean_maximizer_complement_matches":[[0.7245018401286307,"mean-maximizer-complement"]],"delta":0.1,"centers":[0.2752963424216858,0.731718604057975,0.2753675979515346,0.7322429957763645],"beta2":7,"fecundity":4,"beta1":3,"alpha1":7,"mean_maximizer_matches":[[0.2754981598713693,"mean-maximizer"]],"extinction_probability":0.7413976325149801,"partition":[[1,2],[3,4]],"p1":0.55}