{"center_matches":[[[0.1,"best"],[0.10000000005049903,"mean-maximizer-complement"]],[[0.9,"best"],[0.899999999949501,"mean-maximizer"]],[[0.9,"best"],[0.899999999949501,"mean-maximizer"]],[[0.9,"best"],[0.899999999949501,"mean-maximizer"]]],"alpha2":1,"mean_maximizer_complement_matches":[[0.1,"best"],[0.10000000005049903,"mean-maximizer-complement"]],"delta":0.1,"centers":[0.1,0.9,0.9,0.9],"beta2":5,"fecundity":4,"beta1":1,"alpha1":5,"mean_maximizer_matches":[[0.9,"best"],[0.899999999949501,"mean-maximizer"]],"extinction_probability":0.09668923300421753,"partition":[[1,2],[3],[4]],"p1":0.85}