{"center_matches":[[],[],[],[]],"alpha2":2,"mean_maximizer_complement_matches":[[0.266014292992078,"mean-maximizer-complement"]],"delta":0.1,"centers":[0.41229636359082017,0.6170901109404713,0.8174173250526839,0.7114857117763825],"beta2":4,"fecundity":4,"beta1":2,"alpha1":4,"mean_maximizer_matches":[[0.733985707007922,"mean-maximizer"]],"extinction_probability":0.30731720310074817,"partition":[[1,2,3],[4]],"p1":0.9}