{"center_matches":[[],[[0.9,"best"]],[[0.9,"best"]],[]],"alpha2":1,"delta":0.1,"centers":[0.6975046193910344,0.9,0.9,0.677043967310833],"beta2":2,"fecundity":4,"beta1":1,"alpha1":2,"extinction_probability":0.42108269013964134,"partition":[[1,2],[3,4]],"p1":0.95}