{"center_matches":[[],[],[],[]],"alpha2":3,"mean_maximizer_complement_matches":[[0.2651707785551872,"mean-maximizer-complement"]],"delta":0.1,"centers":[0.275849103087482,0.6945964069912403,0.7434742301737879,0.7207463143374533],"beta2":7,"fecundity":4,"beta1":3,"alpha1":7,"mean_maximizer_matches":[[0.7348292214448128,"mean-maximizer"]],"extinction_probability":0.6721125293717521,"partition":[[1,2],[3],[4]],"p1":0.65}