{"centers":[0.8799521854958595,0.7771344726086276,0.5794248311220944,0.8898761946700472],"extinction_probability":0.9999999999999916,"beta2":1.8,"partition":[[1],[2],[3],[4]],"fecundity":4,"alpha2":1.0,"alpha1":1.8,"p1":0.7,"delta":0.1,"beta1":1.0}