{"centers":[0.6940348303678572,0.4814838316061337,0.28478719415951886,0.6869371078164974],"extinction_probability":0.053194435108851475,"beta2":20.0,"partition":[[1,2,3],[4]],"fecundity":4,"alpha2":10.0,"alpha1":20.0,"p1":0.7,"delta":0.1,"beta1":10.0}