{"centers":[0.3603828949179807,1.0,0.5581958163114659,1.0],"extinction_probability":0.9999999999999967,"beta2":1.0,"partition":[[1,3],[2,4]],"fecundity":4,"alpha2":0.95,"alpha1":1.0,"p1":1.0,"delta":0.1,"beta1":0.95}