{"center_matches":[[],[],[],[]],"alpha2":7,"mean_maximizer_complement_matches":[[0.2256457929966803,"mean-maximizer-complement"]],"delta":0.1,"centers":[0.8470772071998256,0.6759078125476308,0.7722527072467086,0.22858279098817055],"beta2":23,"fecundity":4,"beta1":7,"alpha1":23,"mean_maximizer_matches":[[0.7743542070033197,"mean-maximizer"]],"extinction_probability":0.005386135207175584,"partition":[[1,2],[3],[4]],"p1":0.95}