{"alpha2":3.0,"special_centers":[[0.7410581299358594,0.25894187005911873,0.7383180901239249,0.2616819098760751],["best","best","mean_max","mean_max_complement"]],"delta":0.1,"centers":[0.7963050656020901,0.7929127539886134,0.596874779113475,0.5928801196989653],"beta2":7.0,"fecundity":4,"beta1":3.0,"replaced_by":["N/A","N/A","N/A","N/A"],"alpha1":7.0,"extinction_probability":0.3080662728469851,"partition":[[1,3],[2,4]],"p1":0.8}