{"centers":[0.9084997316915921,1.0,1.0,0.8011842398795741],"extinction_probability":0.9999999999999951,"beta2":1.0,"partition":[[1,3],[2,4]],"fecundity":4,"alpha2":0.95,"alpha1":1.0,"p1":0.5,"delta":0.1,"beta1":0.95}