{"center_matches":[[],[],[],[]],"alpha2":7,"mean_maximizer_complement_matches":[[0.2256460181636808,"mean-maximizer-complement"]],"delta":0.1,"centers":[0.6844599023732649,0.17177918214801194,0.3207514083576274,0.8285589951484957],"beta2":23,"fecundity":4,"beta1":7,"alpha1":23,"mean_maximizer_matches":[[0.7743539818363192,"mean-maximizer"]],"extinction_probability":0.07076810628242,"partition":[[1,2,3,4]],"p1":0.5}