{"center_matches":[[],[],[[0.9,"best"]],[]],"alpha2":1,"mean_maximizer_complement_matches":[[0.10000173483362362,"mean-maximizer-complement"]],"delta":0.1,"centers":[0.693354584871338,0.5105400208292004,0.9,0.891451494712721],"beta2":3,"fecundity":4,"beta1":1,"alpha1":3,"mean_maximizer_matches":[[0.8999982651663764,"mean-maximizer"]],"extinction_probability":0.3035790874307407,"partition":[[1,2,3],[4]],"p1":0.925}