{"center_matches":[[[0.9,"best"],[0.8999999991803054,"mean-maximizer"]],[[0.1,"best"],[0.10000000081969462,"mean-maximizer-complement"]],[[0.9,"best"],[0.8999999991803054,"mean-maximizer"]],[[0.9,"best"],[0.8999999991803054,"mean-maximizer"]]],"alpha2":0.05,"mean_maximizer_complement_matches":[[0.1,"best"],[0.10000000081969462,"mean-maximizer-complement"]],"delta":0.1,"centers":[0.9,0.1,0.9,0.9],"beta2":1,"fecundity":4,"beta1":0.05,"alpha1":1,"mean_maximizer_matches":[[0.9,"best"],[0.8999999991803054,"mean-maximizer"]],"extinction_probability":0.00044381939924775793,"partition":[[1,2],[3],[4]],"p1":0.95}