{"center_matches":[[],[[0.9,"best"],[0.899999999982512,"mean-maximizer"]],[],[[0.9,"best"],[0.899999999982512,"mean-maximizer"]]],"alpha2":1,"delta":0.1,"centers":[0.7032208065532534,0.9,0.5063715176895865,0.9],"beta2":10,"fecundity":4,"beta1":1,"alpha1":10,"mean_maximizer_matches":[[0.9,"best"],[0.899999999982512,"mean-maximizer"]],"extinction_probability":1.4766194786308332e-5,"partition":[[1,2,3],[4]],"p1":1.0}