{"centers":[0.7000000002094605,0.899999999926206,0.900000000208559,0.899999999858257],"extinction_probability":0.7013398299445203,"beta2":2.0,"partition":[[1,3],[2],[4]],"fecundity":4,"alpha2":1.0,"alpha1":2.0,"p1":0.8,"delta":0.1,"beta1":1.0}