{"center_matches":[[],[],[],[]],"alpha2":2,"mean_maximizer_complement_matches":[[0.3366032209320674,"mean-maximizer-complement"]],"delta":0.1,"centers":[0.6253820803579733,0.4309096311274544,0.631766607574608,0.43183293026312464],"beta2":4,"fecundity":4,"beta1":2,"alpha1":4,"mean_maximizer_matches":[[0.6633967790679326,"mean-maximizer"]],"extinction_probability":0.9306345803647171,"partition":[[1,2],[3,4]],"p1":0.575}