{"center_matches":[[],[],[],[]],"alpha2":10,"mean_maximizer_complement_matches":[[0.6678018531495645,"mean-maximizer-complement"]],"delta":0.1,"centers":[0.2788414017873479,0.6156915688898658,0.7672465556448128,0.42066831077436306],"beta2":20,"fecundity":4,"beta1":10,"alpha1":20,"mean_maximizer_matches":[[0.33219814685043547,"mean-maximizer"]],"extinction_probability":0.03620609585615262,"partition":[[1,2,3,4]],"p1":0.7}