{"centers":[0.9000000000758535,0.9000000000023394,0.09999999994745837,0.09999999994825387],"extinction_probability":0.4114863633280556,"beta2":0.6,"partition":[[1,3],[2,4]],"fecundity":4,"alpha2":0.4,"alpha1":0.6,"p1":0.5,"delta":0.1,"beta1":0.4}