{"center_matches":[[],[],[],[]],"alpha2":10,"mean_maximizer_complement_matches":[[0.32708546961520935,"mean-maximizer-complement"]],"delta":0.1,"centers":[0.7284248091790209,0.32428609715841406,0.5274056807546293,0.6562609730209996],"beta2":20,"fecundity":4,"beta1":10,"alpha1":20,"mean_maximizer_matches":[[0.6729145303847907,"mean-maximizer"]],"extinction_probability":0.008969782462428797,"partition":[[1,2,3],[4]],"p1":0.925}