{"center_matches":[[[0.9,"best"],[0.899999999982512,"mean-maximizer"]],[[0.1,"best"],[0.10000000001748799,"mean-maximizer-complement"]],[[0.9,"best"],[0.899999999982512,"mean-maximizer"]],[[0.1,"best"],[0.10000000001748799,"mean-maximizer-complement"]]],"alpha2":1,"mean_maximizer_complement_matches":[[0.1,"best"],[0.10000000001748799,"mean-maximizer-complement"]],"delta":0.1,"centers":[0.9,0.1,0.9,0.1],"beta2":10,"fecundity":4,"beta1":1,"alpha1":10,"mean_maximizer_matches":[[0.9,"best"],[0.899999999982512,"mean-maximizer"]],"extinction_probability":0.014469713230533605,"partition":[[1,2],[3,4]],"p1":0.625}