{"center_matches":[[],[],[],[]],"alpha2":1.0,"delta":0.1,"centers":[0.1,0.6571561533659697,0.9,0.37066960349861067],"beta2":1.0,"fecundity":4,"beta1":1.0,"alpha1":1.0,"extinction_probability":0.9999999730400533,"partition":[[1,2,3,4]],"p1":1}