{"center_matches":[[],[],[],[]],"alpha2":2,"mean_maximizer_complement_matches":[[0.2978887401938256,"mean-maximizer-complement"]],"delta":0.1,"centers":[0.4970592796608529,0.6985650336151258,0.49571182007024195,0.6935164661909362],"beta2":4,"fecundity":4,"beta1":2,"alpha1":4,"mean_maximizer_matches":[[0.7021112598061744,"mean-maximizer"]],"extinction_probability":0.8123872796372161,"partition":[[1,2],[3,4]],"p1":0.675}