{"center_matches":[[],[],[],[]],"alpha2":10,"mean_maximizer_complement_matches":[[0.6702230430528837,"mean-maximizer-complement"]],"delta":0.1,"centers":[0.27999831058496266,0.4775908790729967,0.679737230214744,0.677071667872442],"beta2":20,"fecundity":4,"beta1":10,"alpha1":20,"mean_maximizer_matches":[[0.32977695694711623,"mean-maximizer"]],"extinction_probability":0.0523561894121372,"partition":[[1,2,3],[4]],"p1":0.575}