{"center_matches":[[[0.22564595616091887,"mean-maximizer-complement"]],[[0.22564595616091887,"mean-maximizer-complement"]],[],[]],"alpha2":7,"mean_maximizer_complement_matches":[[0.22564595616091887,"mean-maximizer-complement"]],"delta":0.1,"centers":[0.22564595616091887,0.22564595616091887,0.774354975088456,0.22564565390741623],"beta2":23,"fecundity":4,"beta1":7,"alpha1":23,"mean_maximizer_matches":[[0.7743540438390811,"mean-maximizer"]],"extinction_probability":0.05014522179549882,"partition":[[1,2],[3,4]],"p1":0.575}