{"center_matches":[[],[[0.9,"best"]],[],[[0.9,"best"]]],"alpha2":1,"mean_maximizer_complement_matches":[[0.10000014786948497,"mean-maximizer-complement"]],"delta":0.1,"centers":[0.6919878882871013,0.9,0.4920615589002647,0.9],"beta2":4,"fecundity":4,"beta1":1,"alpha1":4,"mean_maximizer_matches":[[0.899999852130515,"mean-maximizer"]],"extinction_probability":0.062143010324514,"partition":[[1,2,3],[4]],"p1":0.975}