{"center_matches":[[],[],[],[]],"alpha2":10,"mean_maximizer_complement_matches":[[0.32697733092135983,"mean-maximizer-complement"]],"delta":0.1,"centers":[0.827726228761845,0.6288500320238456,0.43220377489096506,0.750923163840165],"beta2":20,"fecundity":4,"beta1":10,"alpha1":20,"mean_maximizer_matches":[[0.6730226690786402,"mean-maximizer"]],"extinction_probability":0.014225126054615426,"partition":[[1,2,3],[4]],"p1":0.975}