{"center_matches":[[[0.9,"best"]],[],[[0.9,"best"]],[[0.9,"best"]]],"alpha2":1,"mean_maximizer_complement_matches":[[0.4999999998857001,"mean-maximizer"],[0.5000000001142999,"mean-maximizer-complement"]],"delta":0.1,"centers":[0.9,0.7040449279474456,0.9,0.9],"beta2":1.2,"fecundity":4,"beta1":1,"alpha1":1.2,"mean_maximizer_matches":[[0.4999999998857001,"mean-maximizer"],[0.5000000001142999,"mean-maximizer-complement"]],"extinction_probability":0.9999999999999953,"partition":[[1,2,3,4]],"p1":0.5}