{"center_matches":[[],[],[],[]],"alpha2":7,"mean_maximizer_complement_matches":[[0.22564595616091887,"mean-maximizer-complement"]],"delta":0.1,"centers":[0.1700143929274336,0.774698516339551,0.33431717136984296,0.7713371528419878],"beta2":23,"fecundity":4,"beta1":7,"alpha1":23,"mean_maximizer_matches":[[0.7743540438390811,"mean-maximizer"]],"extinction_probability":0.05302553643681704,"partition":[[1,2,3],[4]],"p1":0.575}