{"center_matches":[[],[],[],[]],"alpha2":2,"mean_maximizer_complement_matches":[[0.26402187641233166,"mean-maximizer-complement"]],"delta":0.1,"centers":[0.4470399345603712,0.8773908648019384,0.7310483523513738,0.644366021237782],"beta2":4,"fecundity":4,"beta1":2,"alpha1":4,"mean_maximizer_matches":[[0.7359781235876683,"mean-maximizer"]],"extinction_probability":0.3111524754003085,"partition":[[1,2,3,4]],"p1":0.925}