{"center_matches":[[],[],[],[]],"alpha2":3,"mean_maximizer_complement_matches":[[0.2644500247200998,"mean-maximizer-complement"]],"delta":0.1,"centers":[0.25883329662203697,0.49708188733318504,0.7175456357711335,0.7465068661229477],"beta2":7,"fecundity":4,"beta1":3,"alpha1":7,"mean_maximizer_matches":[[0.7355499752799002,"mean-maximizer"]],"extinction_probability":0.6315787829577615,"partition":[[1,2,3],[4]],"p1":0.675}