{"centers":[0.9000216068315836,0.9000002255415203,0.9000727091334377,0.09999914103432911],"extinction_probability":0.018201666092320015,"beta2":0.9,"partition":[[1],[2,4],[3]],"fecundity":4,"alpha2":0.1,"alpha1":0.9,"p1":0.9,"delta":0.1,"beta1":0.1}