{"center_matches":[[],[],[],[]],"alpha2":2,"mean_maximizer_complement_matches":[[0.2922197974279853,"mean-maximizer-complement"]],"delta":0.1,"centers":[0.519473024756422,0.7110999695914565,0.6996775670909393,0.47803925715359374],"beta2":4,"fecundity":4,"beta1":2,"alpha1":4,"mean_maximizer_matches":[[0.7077802025720147,"mean-maximizer"]],"extinction_probability":0.7579492502848665,"partition":[[1,2],[3,4]],"p1":0.7}