{"center_matches":[[],[],[],[]],"alpha2":3,"mean_maximizer_complement_matches":[[0.26379539085047454,"mean-maximizer-complement"]],"delta":0.1,"centers":[0.2504857407329908,0.70826133927685,0.7215893083809484,0.7160805743532477],"beta2":7,"fecundity":4,"beta1":3,"alpha1":7,"mean_maximizer_matches":[[0.7362046091495255,"mean-maximizer"]],"extinction_probability":0.5574402455064708,"partition":[[1,2],[3],[4]],"p1":0.7}