{"center_matches":[[],[],[],[]],"alpha2":10,"mean_maximizer_complement_matches":[[0.6705204417024601,"mean-maximizer-complement"]],"delta":0.1,"centers":[0.7393296242663886,0.4463429648980963,0.6080147219059079,0.2658750357584603],"beta2":20,"fecundity":4,"beta1":10,"alpha1":20,"mean_maximizer_matches":[[0.32947955829753994,"mean-maximizer"]],"extinction_probability":0.03962412766343345,"partition":[[1,2,3,4]],"p1":0.55}