{"center_matches":[[],[],[],[]],"alpha2":10,"mean_maximizer_complement_matches":[[0.6710141289224111,"mean-maximizer-complement"]],"delta":0.1,"centers":[0.7064793271636577,0.39107166328530424,0.2395832165957314,0.5816495201182288],"beta2":20,"fecundity":4,"beta1":10,"alpha1":20,"mean_maximizer_matches":[[0.3289858710775889,"mean-maximizer"]],"extinction_probability":0.037466080645964475,"partition":[[1,2,3,4]],"p1":0.5}