{"alpha2":0.4,"special_centers":[[0.9,0.1],["best","best"]],"delta":0.1,"centers":[0.32453060585189303,0.1,0.6883236942962577,0.9],"beta2":0.6,"fecundity":4,"beta1":0.4,"replaced_by":["N/A","N/A","N/A","N/A"],"alpha1":0.6,"extinction_probability":3.87443988933932e-67,"partition":[[1,2,3,4]],"p1":0.9}