{"alpha2":0.05,"special_centers":[[0.9,0.1,0.8999999991815955,0.10000000081840454],["best","best","mean_max","mean_max_complement"]],"delta":0.1,"centers":[0.10000000081840454,0.9,0.9,0.1],"beta2":1.0,"fecundity":4,"beta1":0.05,"replaced_by":["best","N/A","N/A","N/A"],"alpha1":1.0,"extinction_probability":0.005029738189404756,"partition":[[1,2],[3,4]],"p1":0.6}