{"centers":[0.7751083448008308,0.7924344000612465,0.907626131736912,0.9100978397190975],"extinction_probability":0.9999999999999971,"beta2":2.0,"partition":[[1],[2],[3],[4]],"fecundity":4,"alpha2":1.0,"alpha1":2.0,"p1":0.6,"delta":0.1,"beta1":1.0}