{"alpha2":7.0,"special_centers":[[0.7743542195103681,0.22564578048336817,0.7743539818370362,0.2256460181629638],["best","best","mean_max","mean_max_complement"]],"delta":0.1,"centers":[0.2256460181629638,0.2256460181629638,0.2256460181629638,0.7743536649415913],"beta2":23.0,"fecundity":4,"beta1":7.0,"replaced_by":["mean_max_complement","mean_max","mean_max","N/A"],"alpha1":23.0,"extinction_probability":0.05014522178825952,"partition":[[1,4],[2,3]],"p1":0.5}