{"alpha2":7.0,"special_centers":[[0.7743542195103681,0.22564578048336817,0.7743539818370362,0.2256460181629638],["best","best","mean_max","mean_max_complement"]],"delta":0.1,"centers":[0.22736318085276044,0.7724667307650867,0.7791367956937724,0.22564578048336817],"beta2":23.0,"fecundity":4,"beta1":7.0,"replaced_by":["mean_max_complement","mean_max","best","best"],"alpha1":23.0,"extinction_probability":0.050348613614795416,"partition":[[1],[2],[3,4]],"p1":0.5}