{"alpha2":10.0,"special_centers":[[0.673072453628208,0.3269275463688894,0.33742791279846346,0.6625720872015366],["best","best","mean_max","mean_max_complement"]],"delta":0.1,"centers":[0.668997455222209,0.4697742660391855,0.811978341713648,0.2692792787426794],"beta2":20.0,"fecundity":4,"beta1":10.0,"replaced_by":["N/A","N/A","N/A","N/A"],"alpha1":20.0,"extinction_probability":0.01391749852766719,"partition":[[1,2,3,4]],"p1":0.8}