{"center_matches":[[[0.9,"best"]],[],[],[[0.9,"best"]]],"alpha2":0.95,"mean_maximizer_complement_matches":[[0.10000113717128845,"mean-maximizer-complement"]],"delta":0.1,"centers":[0.9,0.7000702950505491,0.7802778609354344,0.9],"beta2":1,"fecundity":4,"beta1":0.95,"alpha1":1,"mean_maximizer_matches":[[0.8999988628287116,"mean-maximizer"]],"extinction_probability":0.9999999999999885,"partition":[[1,2,3],[4]],"p1":0.9}