{"alpha2":0.95,"special_centers":[[0.9,0.1,0.8999985213575815,0.10000147864241848],["best","best","mean_max","mean_max_complement"]],"delta":0.1,"centers":[0.2480454334525721,0.15165569311054422,0.1,0.1],"beta2":1.0,"fecundity":4,"beta1":0.95,"replaced_by":["N/A","N/A","N/A","N/A"],"alpha1":1.0,"extinction_probability":0.9999999999999906,"partition":[[1,3],[2,4]],"p1":0.8}