{"center_matches":[[],[],[],[]],"alpha2":7,"delta":0.1,"centers":[0.8982268981445192,0.5075374548459922,0.703315521910477,0.31036904370756097],"beta2":23,"fecundity":4,"beta1":7,"alpha1":23,"mean_maximizer_matches":[[0.7743542195106665,"best"],[0.77435421951228,"mean-maximizer"]],"extinction_probability":1.0937291001710262e-9,"partition":[[1,2,3,4]],"p1":1.0}