{"center_matches":[[],[],[],[]],"alpha2":3,"mean_maximizer_complement_matches":[[0.2651707785551872,"mean-maximizer-complement"]],"delta":0.1,"centers":[0.7223776240826902,0.5177745259704069,0.280647686386098,0.7343844541277311],"beta2":7,"fecundity":4,"beta1":3,"alpha1":7,"mean_maximizer_matches":[[0.7348292214448128,"mean-maximizer"]],"extinction_probability":0.6896771379028539,"partition":[[1,2,3],[4]],"p1":0.65}