{"alpha2":0.4,"special_centers":[[0.9,0.1],["best","best"]],"delta":0.1,"centers":[0.6389382404349793,0.9,0.2996561894475332,0.1],"beta2":0.6,"fecundity":4,"beta1":0.4,"replaced_by":["N/A","N/A","N/A","N/A"],"alpha1":0.6,"extinction_probability":2.5568521823882207e-66,"partition":[[1,2,3,4]],"p1":0.5}