{"center_matches":[[[0.2256459749496046,"mean-maximizer-complement"]],[[0.2256459749496046,"mean-maximizer-complement"]],[],[]],"alpha2":7,"mean_maximizer_complement_matches":[[0.2256459749496046,"mean-maximizer-complement"]],"delta":0.1,"centers":[0.2256459749496046,0.2256459749496046,0.22564479629776532,0.7743542081092365],"beta2":23,"fecundity":4,"beta1":7,"alpha1":23,"mean_maximizer_matches":[[0.7743540250503954,"mean-maximizer"]],"extinction_probability":0.05014522179741674,"partition":[[1,2],[3,4]],"p1":0.55}