{"center_matches":[[],[[0.9,"best"]],[[0.9,"best"]],[]],"alpha2":1,"delta":0.1,"centers":[0.6999354729258627,0.9,0.9,0.8902062579615881],"beta2":2,"fecundity":4,"beta1":1,"alpha1":2,"extinction_probability":0.35363918895179436,"partition":[[1,2],[3],[4]],"p1":0.975}