{"alpha2":2.0,"special_centers":[[0.7410581299314839,0.2589418700639356,0.5000000000574448,0.4999999999425552],["best","best","mean_max","mean_max_complement"]],"delta":0.1,"centers":[0.5257819807043892,0.5426772543887407,0.4537334266168342,0.4803423917545473],"beta2":4.0,"fecundity":4,"beta1":2.0,"replaced_by":["N/A","N/A","N/A","N/A"],"alpha1":4.0,"extinction_probability":0.9999999999990985,"partition":[[1,2,3],[4]],"p1":0.5}