{"center_matches":[[[0.9,"best"],[0.8999999998281887,"mean-maximizer"]],[[0.1,"best"]],[[0.1,"best"]],[[0.9,"best"],[0.8999999998281887,"mean-maximizer"]]],"alpha2":0.5,"delta":0.1,"centers":[0.9,0.1,0.1,0.9],"beta2":0.5,"fecundity":4,"beta1":0.5,"alpha1":0.5,"mean_maximizer_matches":[[0.9,"best"],[0.8999999998281887,"mean-maximizer"]],"extinction_probability":0.48157348207115885,"partition":[[1,2],[3,4]],"p1":1}