{"center_matches":[[],[],[],[]],"alpha2":3,"mean_maximizer_complement_matches":[[0.2631980036759475,"mean-maximizer-complement"]],"delta":0.1,"centers":[0.7016732371182666,0.7429454437090063,0.27089097941659845,0.7089479074662884],"beta2":7,"fecundity":4,"beta1":3,"alpha1":7,"mean_maximizer_matches":[[0.7368019963240525,"mean-maximizer"]],"extinction_probability":0.5105724481744219,"partition":[[1],[2],[3],[4]],"p1":0.725}