{"centers":[0.058046726155767,0.9,0.09099999999999997,0.9],"extinction_probability":0.030617915074021777,"beta2":0.9,"partition":[[1,2],[3],[4]],"fecundity":4,"alpha2":0.1,"alpha1":0.9,"p1":0.8,"delta":0.1,"beta1":0.1}