{"center_matches":[[],[],[],[]],"alpha2":2,"mean_maximizer_complement_matches":[[0.5000000000574448,"mean-maximizer"],[0.4999999999425552,"mean-maximizer-complement"]],"delta":0.1,"centers":[0.3751366109097021,0.6021258819229137,0.4137428588450208,0.6111460789034429],"beta2":4,"fecundity":4,"beta1":2,"alpha1":4,"mean_maximizer_matches":[[0.5000000000574448,"mean-maximizer"],[0.4999999999425552,"mean-maximizer-complement"]],"extinction_probability":0.9640787606520975,"partition":[[1,2],[3,4]],"p1":0.5}