{"centers":[0.8050833830141565,0.9460395958796816,0.8263521117819523,0.7470875003011754],"extinction_probability":0.9999999999999956,"beta2":1.2,"partition":[[1,3],[2,4]],"fecundity":4,"alpha2":1.0,"alpha1":1.2,"p1":0.5,"delta":0.1,"beta1":1.0}