{"center_matches":[[[0.22564583990594,"mean-maximizer-complement"]],[],[],[]],"alpha2":7,"mean_maximizer_complement_matches":[[0.22564583990594,"mean-maximizer-complement"]],"delta":0.1,"centers":[0.22564583990594,0.2256463911915653,0.7743547818535973,0.2256454856414547],"beta2":23,"fecundity":4,"beta1":7,"alpha1":23,"mean_maximizer_matches":[[0.77435416009406,"mean-maximizer"]],"extinction_probability":0.050145221792937136,"partition":[[1,2],[3,4]],"p1":0.8}