{"center_matches":[[],[],[],[]],"alpha2":7,"mean_maximizer_complement_matches":[[0.22564582242967024,"mean-maximizer-complement"]],"delta":0.1,"centers":[0.7716110900051548,0.21389771546549396,0.8350738717136001,0.6921822858414355],"beta2":23,"fecundity":4,"beta1":7,"alpha1":23,"mean_maximizer_matches":[[0.7743541775703298,"mean-maximizer"]],"extinction_probability":0.025669497843098132,"partition":[[1,2],[3,4]],"p1":0.85}