{"center_matches":[[],[],[],[[0.32714433083797567,"mean-maximizer-complement"]]],"alpha2":10,"mean_maximizer_complement_matches":[[0.32714433083797567,"mean-maximizer-complement"]],"delta":0.1,"centers":[0.3199237903876154,0.5204690608053935,0.7204672476061946,0.32714433083797567],"beta2":20,"fecundity":4,"beta1":10,"alpha1":20,"mean_maximizer_matches":[[0.6728556691620243,"mean-maximizer"]],"extinction_probability":0.02113170517984198,"partition":[[1,2,3],[4]],"p1":0.9}