{"centers":[0.22564944718743857,0.7743537135653099,0.2256482861397091,0.7743541534194034],"extinction_probability":0.05014522187453591,"beta2":23.0,"partition":[[1,2],[3,4]],"fecundity":4,"alpha2":7.0,"alpha1":23.0,"p1":0.6,"delta":0.1,"beta1":7.0}