{"centers":[0.6936342314721049,0.4293124224055337,0.5979573778059761,0.6792991315480856],"extinction_probability":0.999999999999997,"beta2":1.0,"partition":[[1,3,4],[2]],"fecundity":4,"alpha2":1.0,"alpha1":1.0,"p1":1.0,"delta":0.1,"beta1":1.0}