{"centers":[0.31712148568597825,0.3286737993093967,0.6521062576077251,0.6550533510250036],"extinction_probability":0.10379952484107129,"beta2":20.0,"partition":[[1,3],[2,4]],"fecundity":4,"alpha2":10.0,"alpha1":20.0,"p1":0.6,"delta":0.1,"beta1":10.0}