{"center_matches":[[],[],[],[]],"alpha2":0.95,"delta":0.1,"centers":[0.2988096526079962,0.1,0.2039612628738544,0.18970025459543322],"beta2":1,"fecundity":4,"beta1":0.95,"alpha1":1,"mean_maximizer_matches":[[0.8999991731238585,"mean-maximizer"]],"extinction_probability":0.999999999999991,"partition":[[1,2,3,4]],"p1":1.0}