{"center_matches":[[],[[0.9,"best"]],[],[[0.9,"best"]]],"alpha2":1,"mean_maximizer_complement_matches":[[0.1000046651173877,"mean-maximizer-complement"]],"delta":0.1,"centers":[0.8249624199689789,0.9,0.8819579512227695,0.9],"beta2":1.8,"fecundity":4,"beta1":1,"alpha1":1.8,"mean_maximizer_matches":[[0.8999953348826123,"mean-maximizer"]],"extinction_probability":0.8447751565876516,"partition":[[1],[2],[3],[4]],"p1":0.85}