{"centers":[0.899999999988531,0.09999999998199628,0.9000000001452313,0.9000000001954468],"extinction_probability":0.14740434669213778,"beta2":5.0,"partition":[[1,2],[3],[4]],"fecundity":4,"alpha2":1.0,"alpha1":5.0,"p1":0.8,"delta":0.1,"beta1":1.0}