{"centers":[0.8999190180544634,0.8997868656712985,0.8998490042908724,0.8998798389368926],"extinction_probability":0.797076623976764,"beta2":1.8,"partition":[[1],[2],[3],[4]],"fecundity":4,"alpha2":1.0,"alpha1":1.8,"p1":0.8,"delta":0.1,"beta1":1.0}