{"center_matches":[[],[],[],[]],"alpha2":3,"mean_maximizer_complement_matches":[[0.2612512619118844,"mean-maximizer-complement"]],"delta":0.1,"centers":[0.5781548218323114,0.7707856631106061,0.2982578299242829,0.778211492161752],"beta2":7,"fecundity":4,"beta1":3,"alpha1":7,"mean_maximizer_matches":[[0.7387487380881156,"mean-maximizer"]],"extinction_probability":0.33497180628423207,"partition":[[1,2,3],[4]],"p1":0.825}