{"center_matches":[[],[],[],[]],"alpha2":10,"delta":0.1,"centers":[0.9,0.5547425058213782,0.7005301038744552,0.3601766748927091],"beta2":20,"fecundity":4,"beta1":10,"alpha1":20,"mean_maximizer_matches":[[0.673072453628208,"best"],[0.6730724536288291,"mean-maximizer"]],"extinction_probability":7.204914974920929e-6,"partition":[[1,2,3,4]],"p1":1.0}