{"center_matches":[[],[],[],[]],"alpha2":7,"mean_maximizer_complement_matches":[[0.225645830902917,"mean-maximizer-complement"]],"delta":0.1,"centers":[0.7950327949978375,0.7308613499319916,0.23603201923547928,0.7976066011530412],"beta2":23,"fecundity":4,"beta1":7,"alpha1":23,"mean_maximizer_matches":[[0.774354169097083,"mean-maximizer"]],"extinction_probability":0.032771682518169934,"partition":[[1],[2],[3],[4]],"p1":0.825}