{"centers":[0.607337227904303,0.8237485284317428,0.8891494292978925,0.8569315056518907],"extinction_probability":0.9999999999999963,"beta2":1.2,"partition":[[1],[2,3],[4]],"fecundity":4,"alpha2":1.0,"alpha1":1.2,"p1":0.9,"delta":0.1,"beta1":1.0}