{"center_matches":[[[0.9,"best"]],[],[[0.9,"best"]],[]],"alpha2":1,"delta":0.1,"centers":[0.9,0.6974565478968395,0.9,0.7210649110093612],"beta2":2.0,"fecundity":4,"beta1":1,"alpha1":2.0,"extinction_probability":0.600271028509464,"partition":[[1,2],[3,4]],"p1":0.9}