{"center_matches":[[],[[0.22564590846611976,"mean-maximizer-complement"]],[],[]],"alpha2":7,"mean_maximizer_complement_matches":[[0.22564590846611976,"mean-maximizer-complement"]],"delta":0.1,"centers":[0.22548147349487216,0.22564590846611976,0.7742968260257806,0.22672939159177372],"beta2":23,"fecundity":4,"beta1":7,"alpha1":23,"mean_maximizer_matches":[[0.7743540915338802,"mean-maximizer"]],"extinction_probability":0.05014991861049726,"partition":[[1,2],[3,4]],"p1":0.65}