{"center_matches":[[],[],[],[]],"alpha2":2,"mean_maximizer_complement_matches":[[0.32309287135500553,"mean-maximizer-complement"]],"delta":0.1,"centers":[0.6565506657047269,0.6565563885960842,0.6565523423299651,0.6565518946713915],"beta2":4,"fecundity":4,"beta1":2,"alpha1":4,"mean_maximizer_matches":[[0.6769071286449945,"mean-maximizer"]],"extinction_probability":0.8291997675324185,"partition":[[1],[2],[3],[4]],"p1":0.6}