{"centers":[0.6763815216838364,0.6859035159677304,0.889853168308283,0.8825725947465527],"extinction_probability":0.3540581750507787,"beta2":2.0,"partition":[[1,4],[2,3]],"fecundity":4,"alpha2":1.0,"alpha1":2.0,"p1":1.0,"delta":0.1,"beta1":1.0}