{"center_matches":[[[0.22564593893713591,"mean-maximizer-complement"]],[[0.22564593893713591,"mean-maximizer-complement"]],[],[]],"alpha2":7,"mean_maximizer_complement_matches":[[0.22564593893713591,"mean-maximizer-complement"]],"delta":0.1,"centers":[0.22564593893713591,0.22564593893713591,0.7743529913803834,0.22564711250689867],"beta2":23,"fecundity":4,"beta1":7,"alpha1":23,"mean_maximizer_matches":[[0.7743540610628641,"mean-maximizer"]],"extinction_probability":0.05014522180216319,"partition":[[1,2],[3,4]],"p1":0.6}