{"centers":[0.09870775821950502,0.9181185555795784,0.09626507576217881,0.9],"extinction_probability":0.025008133835311187,"beta2":0.9,"partition":[[1,2],[3,4]],"fecundity":4,"alpha2":0.1,"alpha1":0.9,"p1":0.7,"delta":0.1,"beta1":0.1}