{"alpha2":10.0,"special_centers":[[0.673072453628208,0.3269275463688894,0.6730724536288291,0.32692754637117094],["best","best","mean_max","mean_max_complement"]],"delta":0.1,"centers":[0.6835351964422618,0.8582631058060981,0.513362203397791,0.32692754637117094],"beta2":20.0,"fecundity":4,"beta1":10.0,"replaced_by":["N/A","N/A","N/A","best"],"alpha1":20.0,"extinction_probability":1.910322520212156e-6,"partition":[[1,2,3,4]],"p1":1.0}