{"center_matches":[[],[],[],[]],"alpha2":10,"mean_maximizer_complement_matches":[[0.6702230430528837,"mean-maximizer-complement"]],"delta":0.1,"centers":[0.5924846631992904,0.42370200390307916,0.6819594796522666,0.2658750357584603],"beta2":20,"fecundity":4,"beta1":10,"alpha1":20,"mean_maximizer_matches":[[0.32977695694711623,"mean-maximizer"]],"extinction_probability":0.04935291853005363,"partition":[[1,2,3,4]],"p1":0.575}