{"centers":[0.7342340511058546,0.27621669686406114,0.7313902880202005,0.7342337891237671],"extinction_probability":0.4824843025721898,"beta2":7.0,"partition":[[1],[2,3],[4]],"fecundity":4,"alpha2":3.0,"alpha1":7.0,"p1":0.7,"delta":0.1,"beta1":3.0}