{"centers":[0.8861130500818907,0.8860487416647403,0.8867234784727465,0.6892799503066986],"extinction_probability":0.46723682062546096,"beta2":1.8,"partition":[[1],[2,4],[3]],"fecundity":4,"alpha2":1.0,"alpha1":1.8,"p1":1.0,"delta":0.1,"beta1":1.0}