{"center_matches":[[],[],[],[]],"alpha2":7,"mean_maximizer_complement_matches":[[0.2256458706395319,"mean-maximizer-complement"]],"delta":0.1,"centers":[0.7743535721489709,0.22564535529996757,0.22564331256460238,0.774352927609514],"beta2":23,"fecundity":4,"beta1":7,"alpha1":23,"mean_maximizer_matches":[[0.7743541293604681,"mean-maximizer"]],"extinction_probability":0.050145385523935083,"partition":[[1],[2],[3],[4]],"p1":0.725}