{"alpha2":7.0,"special_centers":[[0.7743542195106665,0.2256457804841056,0.77435421951228,0.22564578048772],["best","best","mean_max","mean_max_complement"]],"delta":0.1,"centers":[0.513792293305104,0.8971144283967284,0.7133698535015098,0.3179051450987584],"beta2":23.0,"fecundity":4,"beta1":7.0,"replaced_by":["N/A","N/A","N/A","N/A"],"alpha1":23.0,"extinction_probability":8.484561154471876e-10,"partition":[[1,2,3,4]],"p1":1.0}