{"center_matches":[[],[],[],[]],"alpha2":10,"mean_maximizer_complement_matches":[[0.3272067763256261,"mean-maximizer-complement"]],"delta":0.1,"centers":[0.29534416320133255,0.7974794481712488,0.6272735939009659,0.5009983901115487],"beta2":20,"fecundity":4,"beta1":10,"alpha1":20,"mean_maximizer_matches":[[0.6727932236743739,"mean-maximizer"]],"extinction_probability":0.020774457806125916,"partition":[[1,2,3,4]],"p1":0.875}