{"center_matches":[[],[[0.9,"best"]],[[0.9,"best"]],[]],"alpha2":1,"delta":0.1,"centers":[0.6999999999020521,0.9,0.9,0.6999999999911181],"beta2":2.0,"fecundity":4,"beta1":1,"alpha1":2.0,"extinction_probability":0.31640625005868467,"partition":[[1,2],[3,4]],"p1":1.0}