{"center_matches":[[[0.22564585971195794,"mean-maximizer-complement"]],[[0.22564585971195794,"mean-maximizer-complement"]],[],[]],"alpha2":7,"mean_maximizer_complement_matches":[[0.22564585971195794,"mean-maximizer-complement"]],"delta":0.1,"centers":[0.22564585971195794,0.22564585971195794,0.7743545637894665,0.2256481568999691],"beta2":23,"fecundity":4,"beta1":7,"alpha1":23,"mean_maximizer_matches":[[0.7743541402880421,"mean-maximizer"]],"extinction_probability":0.05014522179302399,"partition":[[1,2],[3,4]],"p1":0.75}