{"center_matches":[[],[],[],[]],"alpha2":10,"mean_maximizer_complement_matches":[[0.6678018531495645,"mean-maximizer-complement"]],"delta":0.1,"centers":[0.42649639042992316,0.7333108537847167,0.6121688755297954,0.22970068702530352],"beta2":20,"fecundity":4,"beta1":10,"alpha1":20,"mean_maximizer_matches":[[0.33219814685043547,"mean-maximizer"]],"extinction_probability":0.028433970791287747,"partition":[[1,2,3,4]],"p1":0.7}