{"centers":[0.9000000030825315,0.09999999858947874,0.09999999985310652,0.9000000002879998],"extinction_probability":0.02344748830041231,"beta2":0.9,"partition":[[1,2],[3,4]],"fecundity":4,"alpha2":0.1,"alpha1":0.9,"p1":0.6,"delta":0.1,"beta1":0.1}