{"alpha2":2.0,"special_centers":[[0.7410581299314839,0.2589418700639356,0.741058129929932,0.25894187007006797],["best","best","mean_max","mean_max_complement"]],"delta":0.1,"centers":[0.25894187007006797,0.4655597395896568,0.8655597158426561,0.6655597356572107],"beta2":4.0,"fecundity":4,"beta1":2.0,"replaced_by":["best","N/A","N/A","N/A"],"alpha1":4.0,"extinction_probability":0.11677421374153246,"partition":[[1],[2,3,4]],"p1":1.0}