{"center_matches":[[],[[0.9,"best"]],[[0.9,"best"]],[]],"alpha2":1,"mean_maximizer_complement_matches":[[0.10000478423745573,"mean-maximizer-complement"]],"delta":0.1,"centers":[0.7257136809726634,0.9,0.9,0.6852705989253567],"beta2":1.8,"fecundity":4,"beta1":1,"alpha1":1.8,"mean_maximizer_matches":[[0.8999952157625443,"mean-maximizer"]],"extinction_probability":0.9165334322349551,"partition":[[1,2],[3,4]],"p1":0.825}