{"center_matches":[[],[],[],[[0.9,"best"]]],"alpha2":1,"delta":0.1,"centers":[0.8311676541405256,0.826306135888319,0.6832503892393319,0.9],"beta2":2,"fecundity":4,"beta1":1,"alpha1":2,"extinction_probability":0.9865269781196637,"partition":[[1],[2],[3],[4]],"p1":0.725}