{"center_matches":[[],[],[],[]],"alpha2":7,"mean_maximizer_complement_matches":[[0.22564581444074838,"mean-maximizer-complement"]],"delta":0.1,"centers":[0.6465863112853393,0.8443985453862061,0.2160943269484121,0.7744195412815013],"beta2":23,"fecundity":4,"beta1":7,"alpha1":23,"mean_maximizer_matches":[[0.7743541855592516,"mean-maximizer"]],"extinction_probability":0.022892227734760743,"partition":[[1,2,3],[4]],"p1":0.875}