{"alpha2":7.0,"delta":0.1,"centers":[0.7743536816689287,0.22564480455465097,0.22564590591935643,0.7743536053947763],"beta2":23.0,"fecundity":4,"beta1":7.0,"alpha1":23.0,"mean_maximizer":0.7743539818370362,"extinction_probability":0.05014522179943901,"partition":[[1,2],[3,4]],"p1":0.5}