{"center_matches":[[],[[0.9,"best"],[0.8999999999496298,"mean-maximizer"]],[],[[0.9,"best"],[0.8999999999496298,"mean-maximizer"]]],"alpha2":1,"delta":0.1,"centers":[0.7023950840427274,0.9,0.5023950850320436,0.9],"beta2":5.0,"fecundity":4,"beta1":1,"alpha1":5.0,"mean_maximizer_matches":[[0.9,"best"],[0.8999999999496298,"mean-maximizer"]],"extinction_probability":0.005184154605949608,"partition":[[1,2,3],[4]],"p1":1.0}