{"center_matches":[[[0.9,"best"],[0.8999999999278436,"mean-maximizer"]],[[0.9,"best"],[0.8999999999278436,"mean-maximizer"]],[[0.9,"best"],[0.8999999999278436,"mean-maximizer"]],[[0.9,"best"],[0.8999999999278436,"mean-maximizer"]]],"alpha2":0.4,"delta":0.1,"centers":[0.9,0.9,0.9,0.9],"beta2":0.6,"fecundity":4,"beta1":0.4,"alpha1":0.6,"mean_maximizer_matches":[[0.9,"best"],[0.8999999999278436,"mean-maximizer"]],"extinction_probability":0.21287763831385956,"partition":[[1],[2],[3],[4]],"p1":1.0}