{"center_matches":[[],[],[],[]],"alpha2":3,"mean_maximizer_complement_matches":[[0.262146884345993,"mean-maximizer-complement"]],"delta":0.1,"centers":[0.2870712665352708,0.7044716925410306,0.6978503921265375,0.7186389175895473],"beta2":7,"fecundity":4,"beta1":3,"alpha1":7,"mean_maximizer_matches":[[0.737853115654007,"mean-maximizer"]],"extinction_probability":0.4418965583552136,"partition":[[1,2],[3],[4]],"p1":0.775}