{"alpha2":3.0,"special_centers":[[0.7410581299358594,0.25894187005911873,0.7331432948761752,0.26685670512382476],["best","best","mean_max","mean_max_complement"]],"delta":0.1,"centers":[0.27154150406674427,0.728068275306466,0.7309766058686846,0.7309753931437332],"beta2":7.0,"fecundity":4,"beta1":3.0,"replaced_by":["N/A","N/A","N/A","N/A"],"alpha1":7.0,"extinction_probability":0.6298349947365279,"partition":[[1,2],[3],[4]],"p1":0.6}