{"center_matches":[[],[],[],[]],"alpha2":2,"mean_maximizer_complement_matches":[[0.38791666547891956,"mean-maximizer-complement"]],"delta":0.1,"centers":[0.42279131020772015,0.6345819114078226,0.4114253230692912,0.6243307954075904],"beta2":4,"fecundity":4,"beta1":2,"alpha1":4,"mean_maximizer_matches":[[0.6120833345210804,"mean-maximizer"]],"extinction_probability":0.9548040801059605,"partition":[[1,2],[3,4]],"p1":0.525}