{"center_matches":[[],[],[[0.9,"best"]],[]],"alpha2":1,"mean_maximizer_complement_matches":[[0.10000534285856799,"mean-maximizer-complement"]],"delta":0.1,"centers":[0.7895770008805505,0.5870379247219221,0.9,0.8699834178509818],"beta2":1.8,"fecundity":4,"beta1":1,"alpha1":1.8,"mean_maximizer_matches":[[0.899994657141432,"mean-maximizer"]],"extinction_probability":0.9927184598425178,"partition":[[1,2,3],[4]],"p1":0.725}