{"alpha2":0.95,"special_centers":[[0.9,0.1,0.8999991731238585,0.10000082687614154],["best","best","mean_max","mean_max_complement"]],"delta":0.1,"centers":[0.7054534069451825,0.6609777063055056,0.7395642436768223,0.9],"beta2":1.0,"fecundity":4,"beta1":0.95,"replaced_by":["N/A","N/A","N/A","N/A"],"alpha1":1.0,"extinction_probability":0.9999999999999903,"partition":[[1,4],[2,3]],"p1":1.0}