{"alpha2":7.0,"special_centers":[[0.7743542195106665,0.2256457804841056,0.7743540610628641,0.22564593893713591],["best","best","mean_max","mean_max_complement"]],"delta":0.1,"centers":[0.22564593893713591,0.22564621156330186,0.22564593893713591,0.7743540122164994],"beta2":23.0,"fecundity":4,"beta1":7.0,"replaced_by":["mean_max","N/A","mean_max","N/A"],"alpha1":23.0,"extinction_probability":0.05014522178757231,"partition":[[1,3],[2,4]],"p1":0.6}