{"center_matches":[[],[],[],[]],"alpha2":7,"mean_maximizer_complement_matches":[[0.22564581444074838,"mean-maximizer-complement"]],"delta":0.1,"centers":[0.8513973836325253,0.7118678806233879,0.22241364498194793,0.7875559277389544],"beta2":23,"fecundity":4,"beta1":7,"alpha1":23,"mean_maximizer_matches":[[0.7743541855592516,"mean-maximizer"]],"extinction_probability":0.016707947047046638,"partition":[[1,2],[3],[4]],"p1":0.875}