{"centers":[0.43141321764085183,0.5513734575723458,0.7398332290568652,0.2762132420083129],"extinction_probability":0.09114638922744289,"beta2":20.0,"partition":[[1,2,3,4]],"fecundity":4,"alpha2":10.0,"alpha1":20.0,"p1":0.5,"delta":0.1,"beta1":10.0}