{"center_matches":[[],[[0.9,"best"]],[],[]],"alpha2":1,"mean_maximizer_complement_matches":[[0.10000534285856799,"mean-maximizer-complement"]],"delta":0.1,"centers":[0.7242495582057159,0.9,0.8720405299178341,0.7015535018325592],"beta2":1.8,"fecundity":4,"beta1":1,"alpha1":1.8,"mean_maximizer_matches":[[0.899994657141432,"mean-maximizer"]],"extinction_probability":0.9896034106495709,"partition":[[1],[2],[3],[4]],"p1":0.725}