{"center_matches":[[],[],[],[]],"alpha2":1,"mean_maximizer_complement_matches":[[0.4999999998857001,"mean-maximizer"],[0.5000000001142999,"mean-maximizer-complement"]],"delta":0.1,"centers":[0.49207363156094636,0.47297857030695406,0.4813033451872416,0.500797955384317],"beta2":1.2,"fecundity":4,"beta1":1,"alpha1":1.2,"mean_maximizer_matches":[[0.4999999998857001,"mean-maximizer"],[0.5000000001142999,"mean-maximizer-complement"]],"extinction_probability":0.9999996664428464,"partition":[[1],[2],[3],[4]],"p1":0.5}