{"centers":[0.09613791586888865,0.09999999999999998,0.9271314702974063,0.904135459693344],"extinction_probability":0.005600045917186661,"beta2":1.0,"partition":[[1,3],[2,4]],"fecundity":4,"alpha2":0.05,"alpha1":1.0,"p1":0.8,"delta":0.1,"beta1":0.05}