{"center_matches":[[],[],[],[]],"alpha2":2,"mean_maximizer_complement_matches":[[0.2922197974279853,"mean-maximizer-complement"]],"delta":0.1,"centers":[0.7615635167818887,0.5618182246916045,0.5482728441808316,0.7501267048436463],"beta2":4,"fecundity":4,"beta1":2,"alpha1":4,"mean_maximizer_matches":[[0.7077802025720147,"mean-maximizer"]],"extinction_probability":0.6240399227011562,"partition":[[1,2],[3,4]],"p1":0.7}