{"center_matches":[[],[[0.9,"best"]],[],[]],"alpha2":1,"delta":0.1,"centers":[0.6702631912578887,0.9,0.8528547564037655,0.766399512686604],"beta2":2,"fecundity":4,"beta1":1,"alpha1":2,"extinction_probability":0.9730110598696733,"partition":[[1,2],[3],[4]],"p1":0.75}