{"center_matches":[[],[],[],[]],"alpha2":7,"mean_maximizer_complement_matches":[[0.22564588234798022,"mean-maximizer-complement"]],"delta":0.1,"centers":[0.3384460644950348,0.7760277010690121,0.16854520618141144,0.7752099119828538],"beta2":23,"fecundity":4,"beta1":7,"alpha1":23,"mean_maximizer_matches":[[0.7743541176520198,"mean-maximizer"]],"extinction_probability":0.05186959268699771,"partition":[[1,2,3],[4]],"p1":0.7}