{"alpha2":3.0,"special_centers":[[0.7410581299358594,0.25894187005911873,0.7398693380096951,0.2601306619903049],["best","best","mean_max","mean_max_complement"]],"delta":0.1,"centers":[0.5856619833557547,0.8088670718982468,0.6094467863025346,0.7879606540016596],"beta2":7.0,"fecundity":4,"beta1":3.0,"replaced_by":["N/A","N/A","N/A","N/A"],"alpha1":7.0,"extinction_probability":0.15345092394639342,"partition":[[1,4],[2,3]],"p1":0.9}