{"center_matches":[[],[],[],[]],"alpha2":7,"mean_maximizer_complement_matches":[[0.22564590846611976,"mean-maximizer-complement"]],"delta":0.1,"centers":[0.3416598909120175,0.7773350621057643,0.1691897637771426,0.7756747695541898],"beta2":23,"fecundity":4,"beta1":7,"alpha1":23,"mean_maximizer_matches":[[0.7743540915338802,"mean-maximizer"]],"extinction_probability":0.052466261800424435,"partition":[[1,2,3],[4]],"p1":0.65}