{"centers":[0.38715421825014706,0.3483386706115533,0.6576020178394413,0.34314865293095104],"extinction_probability":0.9999999999999716,"beta2":4.0,"partition":[[1],[2,4],[3]],"fecundity":4,"alpha2":2.0,"alpha1":4.0,"p1":0.5,"delta":0.1,"beta1":2.0}