{"center_matches":[[],[],[],[]],"alpha2":3,"mean_maximizer_complement_matches":[[0.2601306619903049,"mean-maximizer-complement"]],"delta":0.1,"centers":[0.5954221116247166,0.7941882037400154,0.36574080931579944,0.7602437042509099],"beta2":7,"fecundity":4,"beta1":3,"alpha1":7,"mean_maximizer_matches":[[0.7398693380096951,"mean-maximizer"]],"extinction_probability":0.1970150432896076,"partition":[[1,2,3],[4]],"p1":0.9}