{"centers":[0.7697159356758048,0.24533479020638024,0.8361053840287743,0.6718665050771961],"extinction_probability":0.029090155986351986,"beta2":23.0,"partition":[[1,2],[3,4]],"fecundity":4,"alpha2":7.0,"alpha1":23.0,"p1":0.9,"delta":0.1,"beta1":7.0}